timestamp,room,temperature,humidity,pm25,user_air_purifier_on
2026-02-26 12:35:31.277959,living_room,25.0,70.2,4.9,0
2026-02-26 12:45:31.277959,living_room,25.3,68.8,15.5,0
2026-02-26 12:55:31.277959,living_room,25.8,71.6,10.0,0
2026-02-26 13:05:31.277959,living_room,25.1,64.0,94.6,1
2026-02-26 13:15:31.277959,living_room,25.3,71.9,27.6,0
2026-02-26 13:25:31.277959,living_room,25.7,67.4,22.6,0
2026-02-26 13:35:31.277959,living_room,24.9,69.9,54.8,0
2026-02-26 13:45:31.277959,living_room,25.6,73.1,30.3,0
2026-02-26 13:55:31.277959,living_room,25.3,68.0,16.1,0
2026-02-26 14:05:31.277959,living_room,26.2,70.9,99.1,1
2026-02-26 14:15:31.277959,living_room,26.4,66.3,156.2,1
2026-02-26 14:25:31.277959,living_room,26.1,70.2,19.1,0
2026-02-26 14:35:31.277959,living_room,26.6,68.6,36.0,0
2026-02-26 14:45:31.277959,living_room,26.6,73.9,26.1,0
2026-02-26 14:55:31.277959,living_room,26.9,69.5,22.1,0
2026-02-26 15:05:31.277959,living_room,25.8,70.6,14.8,0
2026-02-26 15:15:31.277959,living_room,26.5,69.3,21.8,0
2026-02-26 15:25:31.277959,living_room,26.0,68.0,21.9,0
2026-02-26 15:35:31.277959,living_room,26.5,67.1,37.4,0
2026-02-26 15:45:31.277959,living_room,26.6,66.0,20.8,0
2026-02-26 15:55:31.277959,living_room,26.8,67.7,5.0,0
2026-02-26 16:05:31.277959,living_room,27.6,72.2,32.0,0
2026-02-26 16:15:31.277959,living_room,27.2,66.9,20.7,0
2026-02-26 16:25:31.277959,living_room,27.0,67.4,22.7,0
2026-02-26 16:35:31.277959,living_room,27.1,70.1,46.6,0
2026-02-26 16:45:31.277959,living_room,28.2,64.4,17.2,0
2026-02-26 16:55:31.277959,living_room,28.1,65.8,21.0,0
2026-02-26 17:05:31.277959,living_room,27.4,64.0,21.7,0
2026-02-26 17:15:31.277959,living_room,28.2,66.6,25.4,0
2026-02-26 17:25:31.277959,living_room,28.2,71.0,21.6,0
2026-02-26 17:35:31.277959,living_room,27.9,70.0,27.5,0
2026-02-26 17:45:31.277959,living_room,28.2,67.0,0.0,0
2026-02-26 17:55:31.277959,living_room,28.1,65.2,22.4,0
2026-02-26 18:05:31.277959,living_room,27.5,68.1,39.7,0
2026-02-26 18:15:31.277959,living_room,28.6,66.2,24.3,1
2026-02-26 18:25:31.277959,living_room,28.8,63.9,24.1,1
2026-02-26 18:35:31.277959,living_room,27.9,69.5,11.8,0
2026-02-26 18:45:31.277959,living_room,29.3,60.5,23.6,0
2026-02-26 18:55:31.277959,living_room,28.7,64.4,29.3,0
2026-02-26 19:05:31.277959,living_room,28.7,64.9,10.5,0
2026-02-26 19:15:31.277959,living_room,28.4,64.5,1.6,1
2026-02-26 19:25:31.277959,living_room,29.4,65.8,31.9,1
2026-02-26 19:35:31.277959,living_room,28.4,68.7,27.2,0
2026-02-26 19:45:31.277959,living_room,29.7,66.9,23.3,0
2026-02-26 19:55:31.277959,living_room,29.2,65.0,30.4,0
2026-02-26 20:05:31.277959,living_room,29.0,61.9,21.2,0
2026-02-26 20:15:31.277959,living_room,28.6,65.1,10.4,0
2026-02-26 20:25:31.277959,living_room,29.9,66.8,6.3,0
2026-02-26 20:35:31.277959,living_room,29.4,64.1,18.8,0
2026-02-26 20:45:31.277959,living_room,29.7,66.3,2.9,0
2026-02-26 20:55:31.277959,living_room,28.7,59.5,21.9,0
2026-02-26 21:05:31.277959,living_room,29.8,60.4,0.0,0
2026-02-26 21:15:31.277959,living_room,30.2,63.6,13.8,0
2026-02-26 21:25:31.277959,living_room,30.2,59.5,32.0,0
2026-02-26 21:35:31.277959,living_room,28.6,60.7,24.7,0
2026-02-26 21:45:31.277959,living_room,29.7,57.9,23.5,0
2026-02-26 21:55:31.277959,living_room,28.7,59.3,16.8,0
2026-02-26 22:05:31.277959,living_room,29.0,58.6,0.0,0
2026-02-26 22:15:31.277959,living_room,30.9,59.8,32.8,0
2026-02-26 22:25:31.277959,living_room,29.4,59.9,14.9,0
2026-02-26 22:35:31.277959,living_room,29.9,59.6,10.2,0
2026-02-26 22:45:31.277959,living_room,29.6,59.0,3.0,0
2026-02-26 22:55:31.277959,living_room,30.4,56.4,18.4,0
2026-02-26 23:05:31.277959,living_room,30.2,58.4,38.5,0
2026-02-26 23:15:31.277959,living_room,30.3,57.5,15.1,0
2026-02-26 23:25:31.277959,living_room,30.1,59.7,7.4,0
2026-02-26 23:35:31.277959,living_room,29.7,56.3,6.2,0
2026-02-26 23:45:31.277959,living_room,29.6,58.2,28.5,0
2026-02-26 23:55:31.277959,living_room,29.3,57.1,14.8,0
2026-02-27 00:05:31.277959,living_room,28.8,54.2,22.7,0
2026-02-27 00:15:31.277959,living_room,30.7,56.3,17.7,0
2026-02-27 00:25:31.277959,living_room,30.0,58.7,21.7,0
2026-02-27 00:35:31.277959,living_room,30.3,54.6,24.9,0
2026-02-27 00:45:31.277959,living_room,29.4,53.8,18.3,0
2026-02-27 00:55:31.277959,living_room,30.2,52.7,7.6,0
2026-02-27 01:05:31.277959,living_room,30.9,54.5,20.1,0
2026-02-27 01:15:31.277959,living_room,29.2,53.4,31.4,0
2026-02-27 01:25:31.277959,living_room,30.0,53.7,14.5,0
2026-02-27 01:35:31.277959,living_room,29.5,53.0,32.4,0
2026-02-27 01:45:31.277959,living_room,30.1,52.9,6.4,0
2026-02-27 01:55:31.277959,living_room,29.2,53.4,94.1,1
2026-02-27 02:05:31.277959,living_room,30.8,52.0,15.5,0
2026-02-27 02:15:31.277959,living_room,30.1,53.7,17.1,0
2026-02-27 02:25:31.277959,living_room,29.3,50.4,6.5,0
2026-02-27 02:35:31.277959,living_room,29.6,54.3,10.0,0
2026-02-27 02:45:31.277959,living_room,29.5,49.7,19.8,0
2026-02-27 02:55:31.277959,living_room,29.5,51.5,28.8,0
2026-02-27 03:05:31.277959,living_room,29.6,52.2,21.8,0
2026-02-27 03:15:31.277959,living_room,28.8,50.4,34.2,0
2026-02-27 03:25:31.277959,living_room,29.2,48.6,9.4,0
2026-02-27 03:35:31.277959,living_room,28.8,51.1,20.3,0
2026-02-27 03:45:31.277959,living_room,29.6,48.4,34.0,0
2026-02-27 03:55:31.277959,living_room,29.6,49.6,26.8,0
2026-02-27 04:05:31.277959,living_room,28.5,45.9,22.4,0
2026-02-27 04:15:31.277959,living_room,29.2,50.4,25.5,0
2026-02-27 04:25:31.277959,living_room,30.0,48.5,23.4,0
2026-02-27 04:35:31.277959,living_room,30.1,53.0,24.9,0
2026-02-27 04:45:31.277959,living_room,29.2,49.9,34.6,0
2026-02-27 04:55:31.277959,living_room,29.0,49.8,30.0,0
2026-02-27 05:05:31.277959,living_room,29.0,44.4,94.4,1
2026-02-27 05:15:31.277959,living_room,28.7,45.8,24.0,0
2026-02-27 05:25:31.277959,living_room,28.5,47.3,20.3,0
2026-02-27 05:35:31.277959,living_room,29.5,45.3,24.8,0
2026-02-27 05:45:31.277959,living_room,29.2,49.3,27.9,0
2026-02-27 05:55:31.277959,living_room,29.0,50.5,2.1,0
2026-02-27 06:05:31.277959,living_room,28.6,47.3,12.6,0
2026-02-27 06:15:31.277959,living_room,29.1,45.6,21.4,0
2026-02-27 06:25:31.277959,living_room,28.5,41.9,23.7,0
2026-02-27 06:35:31.277959,living_room,27.6,45.0,27.2,0
2026-02-27 06:45:31.277959,living_room,29.0,47.8,20.3,0
2026-02-27 06:55:31.277959,living_room,28.9,46.2,0.0,0
2026-02-27 07:05:31.277959,living_room,28.1,44.1,23.4,0
2026-02-27 07:15:31.277959,living_room,28.6,43.3,22.9,0
2026-02-27 07:25:31.277959,living_room,28.3,44.3,11.5,0
2026-02-27 07:35:31.277959,living_room,27.6,43.1,18.9,0
2026-02-27 07:45:31.277959,living_room,28.1,43.1,16.2,0
2026-02-27 07:55:31.277959,living_room,28.1,40.7,94.5,1
2026-02-27 08:05:31.277959,living_room,28.1,44.0,33.9,0
2026-02-27 08:15:31.277959,living_room,27.7,42.5,15.9,0
2026-02-27 08:25:31.277959,living_room,27.6,41.3,20.3,0
2026-02-27 08:35:31.277959,living_room,27.9,39.5,20.7,0
2026-02-27 08:45:31.277959,living_room,27.0,42.2,3.9,0
2026-02-27 08:55:31.277959,living_room,26.7,37.4,28.4,0
2026-02-27 09:05:31.277959,living_room,27.1,37.6,15.3,0
2026-02-27 09:15:31.277959,living_room,27.4,38.7,5.0,0
2026-02-27 09:25:31.277959,living_room,27.4,42.3,18.0,0
2026-02-27 09:35:31.277959,living_room,26.6,41.9,25.3,0
2026-02-27 09:45:31.277959,living_room,26.5,42.9,22.4,0
2026-02-27 09:55:31.277959,living_room,26.3,38.4,11.3,0
2026-02-27 10:05:31.277959,living_room,27.4,42.2,27.2,0
2026-02-27 10:15:31.277959,living_room,26.9,37.8,15.3,0
2026-02-27 10:25:31.277959,living_room,26.8,41.8,6.0,0
2026-02-27 10:35:31.277959,living_room,26.6,39.6,27.2,0
2026-02-27 10:45:31.277959,living_room,26.4,36.6,25.0,0
2026-02-27 10:55:31.277959,living_room,26.7,43.0,18.1,0
2026-02-27 11:05:31.277959,living_room,25.8,41.7,5.2,0
2026-02-27 11:15:31.277959,living_room,26.2,39.0,36.2,0
2026-02-27 11:25:31.277959,living_room,25.6,40.5,23.4,0
2026-02-27 11:35:31.277959,living_room,24.4,39.2,35.5,0
2026-02-27 11:45:31.277959,living_room,25.5,39.5,13.3,0
2026-02-27 11:55:31.277959,living_room,25.4,39.9,32.3,0
2026-02-27 12:05:31.277959,living_room,25.4,38.3,13.6,0
2026-02-27 12:15:31.277959,living_room,25.1,44.2,31.2,0
2026-02-27 12:25:31.277959,living_room,25.2,38.5,22.3,0
2026-02-27 12:35:31.277959,living_room,25.8,38.6,11.0,0
2026-02-27 12:45:31.277959,living_room,25.1,41.9,18.3,0
2026-02-27 12:55:31.277959,living_room,24.8,37.4,25.9,0
2026-02-27 13:05:31.277959,living_room,24.8,36.2,7.9,0
2026-02-27 13:15:31.277959,living_room,24.4,40.0,19.0,0
2026-02-27 13:25:31.277959,living_room,24.2,37.0,25.8,0
2026-02-27 13:35:31.277959,living_room,24.0,37.7,9.4,0
2026-02-27 13:45:31.277959,living_room,24.3,42.2,29.2,0
2026-02-27 13:55:31.277959,living_room,24.7,34.5,10.6,0
2026-02-27 14:05:31.277959,living_room,24.7,41.3,12.2,0
2026-02-27 14:15:31.277959,living_room,23.5,42.8,8.3,0
2026-02-27 14:25:31.277959,living_room,24.8,41.4,8.5,0
2026-02-27 14:35:31.277959,living_room,23.9,40.8,12.0,0
2026-02-27 14:45:31.277959,living_room,23.9,39.5,16.7,0
2026-02-27 14:55:31.277959,living_room,23.3,36.9,2.0,0
2026-02-27 15:05:31.277959,living_room,23.4,40.3,13.9,0
2026-02-27 15:15:31.277959,living_room,22.9,38.6,13.1,0
2026-02-27 15:25:31.277959,living_room,22.9,39.6,24.1,0
2026-02-27 15:35:31.277959,living_room,23.6,43.9,6.6,0
2026-02-27 15:45:31.277959,living_room,23.0,40.0,31.6,0
2026-02-27 15:55:31.277959,living_room,23.1,43.9,4.2,0
2026-02-27 16:05:31.277959,living_room,23.1,42.2,7.5,0
2026-02-27 16:15:31.277959,living_room,23.4,41.7,31.7,0
2026-02-27 16:25:31.277959,living_room,22.7,40.5,27.7,0
2026-02-27 16:35:31.277959,living_room,21.8,42.2,24.0,0
2026-02-27 16:45:31.277959,living_room,22.7,42.8,38.2,0
2026-02-27 16:55:31.277959,living_room,22.4,42.2,20.4,0
2026-02-27 17:05:31.277959,living_room,21.9,42.0,23.8,0
2026-02-27 17:15:31.277959,living_room,22.3,41.4,5.6,0
2026-02-27 17:25:31.277959,living_room,21.0,43.2,103.0,1
2026-02-27 17:35:31.277959,living_room,21.6,45.2,1.6,0
2026-02-27 17:45:31.277959,living_room,22.4,45.4,13.9,0
2026-02-27 17:55:31.277959,living_room,21.9,41.7,16.2,0
2026-02-27 18:05:31.277959,living_room,21.7,40.5,22.9,0
2026-02-27 18:15:31.277959,living_room,22.1,44.9,2.8,1
2026-02-27 18:25:31.277959,living_room,21.6,42.7,17.9,1
2026-02-27 18:35:31.277959,living_room,20.8,40.9,23.4,0
2026-02-27 18:45:31.277959,living_room,22.0,45.8,31.4,0
2026-02-27 18:55:31.277959,living_room,21.1,46.5,6.7,0
2026-02-27 19:05:31.277959,living_room,21.4,44.2,97.0,1
2026-02-27 19:15:31.277959,living_room,21.3,47.3,32.3,1
2026-02-27 19:25:31.277959,living_room,20.5,46.4,36.0,0
2026-02-27 19:35:31.277959,living_room,21.0,44.4,26.1,0
2026-02-27 19:45:31.277959,living_room,20.3,44.0,34.4,0
2026-02-27 19:55:31.277959,living_room,21.0,47.5,19.3,0
2026-02-27 20:05:31.277959,living_room,21.2,43.3,10.8,0
2026-02-27 20:15:31.277959,living_room,21.7,48.0,14.6,0
2026-02-27 20:25:31.277959,living_room,21.2,53.5,33.2,0
2026-02-27 20:35:31.277959,living_room,20.2,51.5,3.2,0
2026-02-27 20:45:31.277959,living_room,20.4,46.8,17.6,0
2026-02-27 20:55:31.277959,living_room,19.6,47.6,15.6,0
2026-02-27 21:05:31.277959,living_room,20.9,44.8,24.6,0
2026-02-27 21:15:31.277959,living_room,19.6,52.3,18.9,0
2026-02-27 21:25:31.277959,living_room,20.2,46.9,17.5,0
2026-02-27 21:35:31.277959,living_room,20.5,51.8,18.5,0
2026-02-27 21:45:31.277959,living_room,20.6,51.6,4.8,0
2026-02-27 21:55:31.277959,living_room,20.3,48.1,39.0,0
2026-02-27 22:05:31.277959,living_room,20.4,49.5,24.8,0
2026-02-27 22:15:31.277959,living_room,19.9,47.9,29.9,0
2026-02-27 22:25:31.277959,living_room,19.2,50.8,22.3,0
2026-02-27 22:35:31.277959,living_room,20.9,52.3,17.3,0
2026-02-27 22:45:31.277959,living_room,20.7,49.0,14.7,0
2026-02-27 22:55:31.277959,living_room,20.7,51.0,20.4,0
2026-02-27 23:05:31.277959,living_room,20.2,51.1,20.6,0
2026-02-27 23:15:31.277959,living_room,19.9,54.6,31.8,0
2026-02-27 23:25:31.277959,living_room,20.2,52.1,10.6,0
2026-02-27 23:35:31.277959,living_room,19.7,51.5,16.4,0
2026-02-27 23:45:31.277959,living_room,19.5,53.3,27.1,0
2026-02-27 23:55:31.277959,living_room,19.7,50.8,20.3,0
2026-02-28 00:05:31.277959,living_room,19.9,56.6,2.4,0
2026-02-28 00:15:31.277959,living_room,18.9,53.1,17.0,0
2026-02-28 00:25:31.277959,living_room,20.4,53.0,21.8,0
2026-02-28 00:35:31.277959,living_room,20.2,57.8,30.0,0
2026-02-28 00:45:31.277959,living_room,21.4,54.7,0.0,0
2026-02-28 00:55:31.277959,living_room,20.8,55.2,22.2,0
2026-02-28 01:05:31.277959,living_room,19.6,56.9,12.1,0
2026-02-28 01:15:31.277959,living_room,19.4,58.3,6.0,0
2026-02-28 01:25:31.277959,living_room,19.5,53.1,15.1,0
2026-02-28 01:35:31.277959,living_room,20.2,56.8,42.6,0
2026-02-28 01:45:31.277959,living_room,20.4,60.9,19.3,0
2026-02-28 01:55:31.277959,living_room,20.7,57.3,24.9,0
2026-02-28 02:05:31.277959,living_room,20.4,61.7,6.6,0
2026-02-28 02:15:31.277959,living_room,19.3,59.0,20.2,0
2026-02-28 02:25:31.277959,living_room,20.4,58.2,12.2,0
2026-02-28 02:35:31.277959,living_room,20.1,58.7,145.3,1
2026-02-28 02:45:31.277959,living_room,20.3,56.2,17.5,0
2026-02-28 02:55:31.277959,living_room,20.9,59.3,34.6,0
2026-02-28 03:05:31.277959,living_room,19.5,62.2,10.8,0
2026-02-28 03:15:31.277959,living_room,20.2,60.1,113.9,1
2026-02-28 03:25:31.277959,living_room,20.4,59.2,18.6,0
2026-02-28 03:35:31.277959,living_room,19.5,62.2,15.6,0
2026-02-28 03:45:31.277959,living_room,20.3,61.0,6.6,0
2026-02-28 03:55:31.277959,living_room,19.9,61.1,16.2,0
2026-02-28 04:05:31.277959,living_room,20.6,58.7,24.6,0
2026-02-28 04:15:31.277959,living_room,20.8,61.0,21.1,0
2026-02-28 04:25:31.277959,living_room,21.4,59.2,13.3,0
2026-02-28 04:35:31.277959,living_room,20.9,63.1,4.4,0
2026-02-28 04:45:31.277959,living_room,20.7,63.0,102.4,1
2026-02-28 04:55:31.277959,living_room,21.2,65.5,0.0,0
2026-02-28 05:05:31.277959,living_room,20.3,61.6,17.4,0
2026-02-28 05:15:31.277959,living_room,20.9,61.8,28.0,0
2026-02-28 05:25:31.277959,living_room,20.6,63.5,17.5,0
2026-02-28 05:35:31.277959,living_room,20.4,64.3,14.0,0
2026-02-28 05:45:31.277959,living_room,20.6,63.3,8.2,0
2026-02-28 05:55:31.277959,living_room,22.2,68.6,0.0,0
2026-02-28 06:05:31.277959,living_room,21.6,68.1,18.8,0
2026-02-28 06:15:31.277959,living_room,21.2,63.8,10.9,0
2026-02-28 06:25:31.277959,living_room,20.2,65.6,24.4,0
2026-02-28 06:35:31.277959,living_room,22.0,62.8,33.1,0
2026-02-28 06:45:31.277959,living_room,21.5,64.8,41.3,0
2026-02-28 06:55:31.277959,living_room,22.1,62.8,24.3,0
2026-02-28 07:05:31.277959,living_room,21.7,66.1,26.7,0
2026-02-28 07:15:31.277959,living_room,21.7,66.7,30.6,0
2026-02-28 07:25:31.277959,living_room,22.3,65.9,22.0,0
2026-02-28 07:35:31.277959,living_room,22.4,63.1,16.6,0
2026-02-28 07:45:31.277959,living_room,21.4,69.0,9.5,0
2026-02-28 07:55:31.277959,living_room,22.2,69.8,29.8,0
2026-02-28 08:05:31.277959,living_room,22.4,67.2,36.3,0
2026-02-28 08:15:31.277959,living_room,22.4,71.2,28.3,0
2026-02-28 08:25:31.277959,living_room,22.5,67.2,0.0,0
2026-02-28 08:35:31.277959,living_room,23.1,66.9,37.2,0
2026-02-28 08:45:31.277959,living_room,22.4,68.4,11.6,0
2026-02-28 08:55:31.277959,living_room,22.0,69.6,5.4,0
2026-02-28 09:05:31.277959,living_room,23.2,71.5,18.9,0
2026-02-28 09:15:31.277959,living_room,22.6,70.0,7.3,0
2026-02-28 09:25:31.277959,living_room,23.3,67.3,30.2,0
2026-02-28 09:35:31.277959,living_room,22.7,65.1,26.2,0
2026-02-28 09:45:31.277959,living_room,23.5,70.9,34.2,0
2026-02-28 09:55:31.277959,living_room,24.3,69.2,11.6,0
2026-02-28 10:05:31.277959,living_room,23.2,66.5,24.3,0
2026-02-28 10:15:31.277959,living_room,23.3,70.0,6.0,0
2026-02-28 10:25:31.277959,living_room,23.7,69.4,16.9,0
2026-02-28 10:35:31.277959,living_room,24.4,70.1,31.9,0
2026-02-28 10:45:31.277959,living_room,23.9,71.0,12.5,0
2026-02-28 10:55:31.277959,living_room,23.7,70.7,30.1,0
2026-02-28 11:05:31.277959,living_room,24.2,70.7,15.9,0
2026-02-28 11:15:31.277959,living_room,24.1,69.7,18.9,0
2026-02-28 11:25:31.277959,living_room,24.2,69.8,22.6,0
2026-02-28 11:35:31.277959,living_room,24.4,70.4,29.5,0
2026-02-28 11:45:31.277959,living_room,24.8,68.7,29.2,0
2026-02-28 11:55:31.277959,living_room,24.4,71.4,4.5,0
2026-02-28 12:05:31.277959,living_room,23.9,73.6,10.1,0
2026-02-28 12:15:31.277959,living_room,24.6,74.1,29.6,0
2026-02-28 12:25:31.277959,living_room,24.7,69.4,15.5,0
2026-02-28 12:35:31.277959,living_room,24.3,70.8,14.7,0
2026-02-28 12:45:31.277959,living_room,24.8,73.3,16.9,0
2026-02-28 12:55:31.277959,living_room,25.4,68.3,14.7,0
2026-02-28 13:05:31.277959,living_room,25.6,73.1,22.7,0
2026-02-28 13:15:31.277959,living_room,24.9,70.7,16.4,0
2026-02-28 13:25:31.277959,living_room,26.4,67.4,30.3,0
2026-02-28 13:35:31.277959,living_room,26.2,67.7,5.0,0
2026-02-28 13:45:31.277959,living_room,25.9,69.1,8.9,0
2026-02-28 13:55:31.277959,living_room,26.7,70.6,16.4,0
2026-02-28 14:05:31.277959,living_room,26.2,73.0,32.0,0
2026-02-28 14:15:31.277959,living_room,26.0,67.7,20.5,0
2026-02-28 14:25:31.277959,living_room,25.4,73.9,8.3,0
2026-02-28 14:35:31.277959,living_room,25.6,70.3,29.5,0
2026-02-28 14:45:31.277959,living_room,26.9,68.8,17.0,0
2026-02-28 14:55:31.277959,living_room,26.5,69.2,24.0,0
2026-02-28 15:05:31.277959,living_room,26.5,67.9,17.0,0
2026-02-28 15:15:31.277959,living_room,26.7,67.8,1.8,0
2026-02-28 15:25:31.277959,living_room,26.9,71.4,30.7,0
2026-02-28 15:35:31.277959,living_room,26.4,67.4,25.3,0
2026-02-28 15:45:31.277959,living_room,27.3,70.1,7.1,0
2026-02-28 15:55:31.277959,living_room,27.1,68.1,31.7,0
2026-02-28 16:05:31.277959,living_room,26.6,69.7,20.7,0
2026-02-28 16:15:31.277959,living_room,27.1,66.3,8.9,0
2026-02-28 16:25:31.277959,living_room,27.5,69.0,11.8,0
2026-02-28 16:35:31.277959,living_room,26.9,66.9,84.9,1
2026-02-28 16:45:31.277959,living_room,26.9,68.7,13.5,0
2026-02-28 16:55:31.277959,living_room,27.4,68.9,25.9,0
2026-02-28 17:05:31.277959,living_room,27.5,64.8,6.8,0
2026-02-28 17:15:31.277959,living_room,27.8,66.8,14.3,0
2026-02-28 17:25:31.277959,living_room,28.2,66.1,116.1,1
2026-02-28 17:35:31.277959,living_room,28.9,67.3,25.2,0
2026-02-28 17:45:31.277959,living_room,28.7,64.0,22.5,0
2026-02-28 17:55:31.277959,living_room,28.5,65.8,10.9,0
2026-02-28 18:05:31.277959,living_room,29.0,65.6,15.7,1
2026-02-28 18:15:31.277959,living_room,29.4,66.1,8.1,1
2026-02-28 18:25:31.277959,living_room,28.0,67.3,8.3,0
2026-02-28 18:35:31.277959,living_room,27.6,64.8,94.9,1
2026-02-28 18:45:31.277959,living_room,29.0,64.6,28.6,0
2026-02-28 18:55:31.277959,living_room,27.9,63.9,17.0,0
2026-02-28 19:05:31.277959,living_room,28.1,64.3,34.7,0
2026-02-28 19:15:31.277959,living_room,28.4,62.8,32.5,1
2026-02-28 19:25:31.277959,living_room,28.3,66.8,14.0,0
2026-02-28 19:35:31.277959,living_room,29.2,66.0,4.2,0
2026-02-28 19:45:31.277959,living_room,27.8,64.6,15.8,0
2026-02-28 19:55:31.277959,living_room,29.6,61.4,4.7,0
2026-02-28 20:05:31.277959,living_room,29.5,60.2,14.3,0
2026-02-28 20:15:31.277959,living_room,29.4,61.8,23.3,0
2026-02-28 20:25:31.277959,living_room,28.4,61.5,6.0,0
2026-02-28 20:35:31.277959,living_room,29.4,62.5,105.5,1
2026-02-28 20:45:31.277959,living_room,29.1,63.8,19.8,0
2026-02-28 20:55:31.277959,living_room,29.0,62.4,34.1,0
2026-02-28 21:05:31.277959,living_room,29.0,61.5,5.8,0
2026-02-28 21:15:31.277959,living_room,30.2,65.5,15.5,0
2026-02-28 21:25:31.277959,living_room,29.3,60.7,10.3,0
2026-02-28 21:35:31.277959,living_room,29.3,58.6,2.6,0
2026-02-28 21:45:31.277959,living_room,29.4,62.7,19.8,0
2026-02-28 21:55:31.277959,living_room,29.9,61.8,24.3,0
2026-02-28 22:05:31.277959,living_room,30.4,63.6,8.5,0
2026-02-28 22:15:31.277959,living_room,29.0,61.0,36.2,0
2026-02-28 22:25:31.277959,living_room,30.0,62.3,20.6,0
2026-02-28 22:35:31.277959,living_room,29.8,57.4,13.4,0
2026-02-28 22:45:31.277959,living_room,29.7,58.2,20.3,0
2026-02-28 22:55:31.277959,living_room,30.0,57.4,15.0,0
2026-02-28 23:05:31.277959,living_room,29.9,58.1,24.0,0
2026-02-28 23:15:31.277959,living_room,29.7,56.1,37.4,0
2026-02-28 23:25:31.277959,living_room,29.9,54.0,3.2,0
2026-02-28 23:35:31.277959,living_room,29.8,58.5,0.0,0
2026-02-28 23:45:31.277959,living_room,29.7,55.3,33.9,0
2026-02-28 23:55:31.277959,living_room,30.3,58.6,25.1,0
2026-03-01 00:05:31.277959,living_room,30.0,52.9,31.4,0
2026-03-01 00:15:31.277959,living_room,30.5,59.2,11.8,0
2026-03-01 00:25:31.277959,living_room,30.8,56.7,16.3,0
2026-03-01 00:35:31.277959,living_room,29.1,59.8,35.0,0
2026-03-01 00:45:31.277959,living_room,30.0,55.0,46.3,0
2026-03-01 00:55:31.277959,living_room,29.4,54.4,16.7,0
2026-03-01 01:05:31.277959,living_room,31.6,55.5,8.7,0
2026-03-01 01:15:31.277959,living_room,29.5,54.8,106.0,1
2026-03-01 01:25:31.277959,living_room,29.8,56.3,32.1,0
2026-03-01 01:35:31.277959,living_room,30.1,50.5,20.5,0
2026-03-01 01:45:31.277959,living_room,29.7,54.8,25.6,0
2026-03-01 01:55:31.277959,living_room,29.6,52.2,29.5,0
2026-03-01 02:05:31.277959,living_room,30.2,56.9,27.5,0
2026-03-01 02:15:31.277959,living_room,30.0,54.4,10.1,0
2026-03-01 02:25:31.277959,living_room,29.0,55.0,0.0,0
2026-03-01 02:35:31.277959,living_room,30.2,53.1,12.2,0
2026-03-01 02:45:31.277959,living_room,30.1,53.2,29.4,0
2026-03-01 02:55:31.277959,living_room,29.4,53.3,14.2,0
2026-03-01 03:05:31.277959,living_room,29.6,51.2,16.4,0
2026-03-01 03:15:31.277959,living_room,29.1,53.4,25.6,0
2026-03-01 03:25:31.277959,living_room,30.0,50.3,15.1,0
2026-03-01 03:35:31.277959,living_room,29.6,50.7,17.1,0
2026-03-01 03:45:31.277959,living_room,29.3,47.6,11.6,0
2026-03-01 03:55:31.277959,living_room,29.6,51.6,23.2,0
2026-03-01 04:05:31.277959,living_room,30.3,48.9,5.3,0
2026-03-01 04:15:31.277959,living_room,28.7,45.4,16.9,0
2026-03-01 04:25:31.277959,living_room,30.0,45.9,12.8,0
2026-03-01 04:35:31.277959,living_room,29.0,48.6,0.0,0
2026-03-01 04:45:31.277959,living_room,28.4,46.3,7.5,0
2026-03-01 04:55:31.277959,living_room,28.4,48.7,15.9,0
2026-03-01 05:05:31.277959,living_room,29.3,44.4,13.2,0
2026-03-01 05:15:31.277959,living_room,29.5,46.8,27.4,0
2026-03-01 05:25:31.277959,living_room,28.7,47.8,30.8,0
2026-03-01 05:35:31.277959,living_room,28.8,44.1,7.4,0
2026-03-01 05:45:31.277959,living_room,28.9,46.2,28.8,0
2026-03-01 05:55:31.277959,living_room,29.7,46.5,25.8,0
2026-03-01 06:05:31.277959,living_room,28.3,49.7,31.7,0
2026-03-01 06:15:31.277959,living_room,28.2,40.7,20.8,0
2026-03-01 06:25:31.277959,living_room,28.9,44.6,31.6,0
2026-03-01 06:35:31.277959,living_room,29.1,44.0,18.5,0
2026-03-01 06:45:31.277959,living_room,28.6,44.2,21.8,0
2026-03-01 06:55:31.277959,living_room,28.1,43.6,28.3,0
2026-03-01 07:05:31.277959,living_room,28.4,43.5,27.2,0
2026-03-01 07:15:31.277959,living_room,27.9,44.6,19.6,0
2026-03-01 07:25:31.277959,living_room,28.2,45.9,26.5,0
2026-03-01 07:35:31.277959,living_room,28.0,40.0,17.8,0
2026-03-01 07:45:31.277959,living_room,28.4,41.6,21.0,0
2026-03-01 07:55:31.277959,living_room,28.4,39.2,23.5,0
2026-03-01 08:05:31.277959,living_room,27.8,40.6,26.3,0
2026-03-01 08:15:31.277959,living_room,27.0,39.6,7.9,0
2026-03-01 08:25:31.277959,living_room,26.7,41.7,20.9,0
2026-03-01 08:35:31.277959,living_room,27.3,41.6,14.9,0
2026-03-01 08:45:31.277959,living_room,26.6,41.7,17.7,0
2026-03-01 08:55:31.277959,living_room,27.1,40.5,35.2,0
2026-03-01 09:05:31.277959,living_room,26.9,41.4,16.8,0
2026-03-01 09:15:31.277959,living_room,27.4,41.2,24.1,0
2026-03-01 09:25:31.277959,living_room,26.8,43.1,26.8,0
2026-03-01 09:35:31.277959,living_room,27.3,40.0,19.5,0
2026-03-01 09:45:31.277959,living_room,27.1,40.8,26.3,0
2026-03-01 09:55:31.277959,living_room,27.4,39.9,14.0,0
2026-03-01 10:05:31.277959,living_room,26.2,40.0,22.3,0
2026-03-01 10:15:31.277959,living_room,27.1,39.9,15.2,0
2026-03-01 10:25:31.277959,living_room,25.8,42.6,14.4,0
2026-03-01 10:35:31.277959,living_room,26.1,39.4,18.8,0
2026-03-01 10:45:31.277959,living_room,25.4,41.7,19.2,0
2026-03-01 10:55:31.277959,living_room,26.7,43.5,0.0,0
2026-03-01 11:05:31.277959,living_room,25.8,38.4,12.8,0
2026-03-01 11:15:31.277959,living_room,26.7,39.7,35.7,0
2026-03-01 11:25:31.277959,living_room,25.8,42.9,20.8,0
2026-03-01 11:35:31.277959,living_room,26.3,42.7,21.1,0
2026-03-01 11:45:31.277959,living_room,25.9,38.2,17.6,0
2026-03-01 11:55:31.277959,living_room,25.9,39.8,30.6,0
2026-03-01 12:05:31.277959,living_room,25.5,41.3,23.0,0
2026-03-01 12:15:31.277959,living_room,25.8,42.4,29.0,0
2026-03-01 12:25:31.277959,living_room,26.7,40.2,34.1,0
2026-03-01 12:35:31.277959,living_room,25.2,41.7,16.0,0
2026-03-01 12:45:31.277959,living_room,25.1,41.0,30.6,0
2026-03-01 12:55:31.277959,living_room,24.5,38.2,32.2,0
2026-03-01 13:05:31.277959,living_room,25.4,39.1,21.6,0
2026-03-01 13:15:31.277959,living_room,23.8,41.0,36.9,0
2026-03-01 13:25:31.277959,living_room,24.8,40.1,114.7,1
2026-03-01 13:35:31.277959,living_room,23.2,40.0,13.0,0
2026-03-01 13:45:31.277959,living_room,23.7,40.8,22.0,0
2026-03-01 13:55:31.277959,living_room,24.3,41.5,15.3,0
2026-03-01 14:05:31.277959,living_room,24.4,40.3,21.0,0
2026-03-01 14:15:31.277959,living_room,24.1,43.7,0.0,0
2026-03-01 14:25:31.277959,living_room,24.0,42.7,18.6,0
2026-03-01 14:35:31.277959,living_room,23.8,40.6,31.8,0
2026-03-01 14:45:31.277959,living_room,23.4,42.4,10.1,0
2026-03-01 14:55:31.277959,living_room,23.5,40.8,9.3,0
2026-03-01 15:05:31.277959,living_room,23.4,42.1,11.3,0
2026-03-01 15:15:31.277959,living_room,23.3,45.7,26.4,0
2026-03-01 15:25:31.277959,living_room,23.5,41.9,15.9,0
2026-03-01 15:35:31.277959,living_room,22.6,41.0,23.0,0
2026-03-01 15:45:31.277959,living_room,22.8,42.5,19.4,0
2026-03-01 15:55:31.277959,living_room,23.1,42.5,21.5,0
2026-03-01 16:05:31.277959,living_room,23.4,43.1,26.8,0
2026-03-01 16:15:31.277959,living_room,22.7,43.2,72.0,0
2026-03-01 16:25:31.277959,living_room,22.8,39.7,16.3,0
2026-03-01 16:35:31.277959,living_room,22.4,39.7,23.6,0
2026-03-01 16:45:31.277959,living_room,22.5,39.7,11.2,0
2026-03-01 16:55:31.277959,living_room,22.8,39.7,24.0,0
2026-03-01 17:05:31.277959,living_room,22.3,43.3,9.2,0
2026-03-01 17:15:31.277959,living_room,22.9,43.5,15.7,0
2026-03-01 17:25:31.277959,living_room,22.5,44.9,7.8,0
2026-03-01 17:35:31.277959,living_room,21.3,43.5,25.6,0
2026-03-01 17:45:31.277959,living_room,21.1,43.6,17.4,0
2026-03-01 17:55:31.277959,living_room,20.8,44.5,130.2,1
2026-03-01 18:05:31.277959,living_room,21.9,46.5,26.3,1
2026-03-01 18:15:31.277959,living_room,20.9,41.8,24.3,1
2026-03-01 18:25:31.277959,living_room,20.3,43.6,26.0,1
2026-03-01 18:35:31.277959,living_room,21.4,43.9,38.3,0
2026-03-01 18:45:31.277959,living_room,21.0,48.1,0.0,0
2026-03-01 18:55:31.277959,living_room,20.7,46.3,4.4,0
2026-03-01 19:05:31.277959,living_room,21.2,42.2,5.2,0
2026-03-01 19:15:31.277959,living_room,21.2,44.8,14.5,0
2026-03-01 19:25:31.277959,living_room,21.0,44.6,16.2,1
2026-03-01 19:35:31.277959,living_room,21.6,43.8,12.3,0
2026-03-01 19:45:31.277959,living_room,21.1,47.0,24.3,0
2026-03-01 19:55:31.277959,living_room,21.5,49.1,26.2,0
2026-03-01 20:05:31.277959,living_room,20.6,44.9,8.2,0
2026-03-01 20:15:31.277959,living_room,20.5,48.6,67.3,0
2026-03-01 20:25:31.277959,living_room,20.6,52.3,41.8,0
2026-03-01 20:35:31.277959,living_room,20.2,48.2,13.0,0
2026-03-01 20:45:31.277959,living_room,21.4,47.0,22.9,0
2026-03-01 20:55:31.277959,living_room,21.2,51.0,13.2,0
2026-03-01 21:05:31.277959,living_room,20.3,49.3,21.7,0
2026-03-01 21:15:31.277959,living_room,20.1,49.5,21.2,0
2026-03-01 21:25:31.277959,living_room,20.3,47.4,27.8,0
2026-03-01 21:35:31.277959,living_room,21.0,48.6,21.4,0
2026-03-01 21:45:31.277959,living_room,19.1,53.2,24.9,0
2026-03-01 21:55:31.277959,living_room,19.7,51.7,30.7,0
2026-03-01 22:05:31.277959,living_room,20.2,48.8,9.8,0
2026-03-01 22:15:31.277959,living_room,21.1,52.1,26.8,0
2026-03-01 22:25:31.277959,living_room,19.6,50.1,3.9,0
2026-03-01 22:35:31.277959,living_room,19.8,51.3,35.3,0
2026-03-01 22:45:31.277959,living_room,19.6,49.2,17.2,0
2026-03-01 22:55:31.277959,living_room,20.5,50.1,26.7,0
2026-03-01 23:05:31.277959,living_room,20.4,54.4,13.8,0
2026-03-01 23:15:31.277959,living_room,19.3,54.0,30.5,0
2026-03-01 23:25:31.277959,living_room,19.7,56.8,20.0,0
2026-03-01 23:35:31.277959,living_room,19.8,51.6,20.8,0
2026-03-01 23:45:31.277959,living_room,20.8,53.3,7.1,0
2026-03-01 23:55:31.277959,living_room,19.6,53.1,14.1,0
2026-03-02 00:05:31.277959,living_room,20.3,52.2,20.9,0
2026-03-02 00:15:31.277959,living_room,20.4,58.7,38.2,0
2026-03-02 00:25:31.277959,living_room,20.6,53.4,0.0,0
2026-03-02 00:35:31.277959,living_room,20.0,58.1,16.4,0
2026-03-02 00:45:31.277959,living_room,20.9,57.2,25.6,0
2026-03-02 00:55:31.277959,living_room,20.6,55.2,31.1,0
2026-03-02 01:05:31.277959,living_room,20.5,55.3,30.6,0
2026-03-02 01:15:31.277959,living_room,21.1,57.0,17.2,0
2026-03-02 01:25:31.277959,living_room,20.6,58.7,0.0,0
2026-03-02 01:35:31.277959,living_room,20.3,58.3,20.7,0
2026-03-02 01:45:31.277959,living_room,19.5,59.0,15.4,0
2026-03-02 01:55:31.277959,living_room,20.0,59.1,19.0,0
2026-03-02 02:05:31.277959,living_room,20.7,57.4,38.0,0
2026-03-02 02:15:31.277959,living_room,19.7,60.3,41.4,0
2026-03-02 02:25:31.277959,living_room,20.0,54.2,18.3,0
2026-03-02 02:35:31.277959,living_room,19.5,56.6,33.1,0
2026-03-02 02:45:31.277959,living_room,20.4,57.7,35.4,0
2026-03-02 02:55:31.277959,living_room,20.5,56.8,12.2,0
2026-03-02 03:05:31.277959,living_room,19.9,61.5,11.4,0
2026-03-02 03:15:31.277959,living_room,20.5,59.9,6.2,0
2026-03-02 03:25:31.277959,living_room,19.5,60.1,1.1,0
2026-03-02 03:35:31.277959,living_room,19.6,60.0,19.7,0
2026-03-02 03:45:31.277959,living_room,21.0,62.1,28.0,0
2026-03-02 03:55:31.277959,living_room,20.6,64.0,14.6,0
2026-03-02 04:05:31.277959,living_room,20.3,61.2,20.4,0
2026-03-02 04:15:31.277959,living_room,20.6,64.2,10.6,0
2026-03-02 04:25:31.277959,living_room,20.1,62.0,30.2,0
2026-03-02 04:35:31.277959,living_room,20.6,66.3,7.7,0
2026-03-02 04:45:31.277959,living_room,21.1,60.3,7.4,0
2026-03-02 04:55:31.277959,living_room,21.4,62.8,13.1,0
2026-03-02 05:05:31.277959,living_room,21.3,61.3,4.6,0
2026-03-02 05:15:31.277959,living_room,20.0,60.6,17.0,0
2026-03-02 05:25:31.277959,living_room,21.9,66.3,140.9,1
2026-03-02 05:35:31.277959,living_room,21.6,65.7,14.5,0
2026-03-02 05:45:31.277959,living_room,19.4,66.5,23.2,0
2026-03-02 05:55:31.277959,living_room,21.2,64.0,8.8,0
2026-03-02 06:05:31.277959,living_room,22.5,65.4,22.0,0
2026-03-02 06:15:31.277959,living_room,21.2,68.1,16.1,0
2026-03-02 06:25:31.277959,living_room,19.9,65.1,41.6,0
2026-03-02 06:35:31.277959,living_room,20.9,64.3,19.3,0
2026-03-02 06:45:31.277959,living_room,21.1,67.6,15.1,0
2026-03-02 06:55:31.277959,living_room,22.2,66.3,76.4,0
2026-03-02 07:05:31.277959,living_room,22.0,67.2,19.5,0
2026-03-02 07:15:31.277959,living_room,22.1,64.7,1.1,0
2026-03-02 07:25:31.277959,living_room,21.0,65.0,20.1,0
2026-03-02 07:35:31.277959,living_room,22.3,67.8,30.8,0
2026-03-02 07:45:31.277959,living_room,22.0,65.5,17.0,0
2026-03-02 07:55:31.277959,living_room,21.9,68.1,11.8,0
2026-03-02 08:05:31.277959,living_room,21.4,68.7,5.1,0
2026-03-02 08:15:31.277959,living_room,22.8,67.8,40.3,0
2026-03-02 08:25:31.277959,living_room,21.9,67.0,8.6,0
2026-03-02 08:35:31.277959,living_room,23.3,66.3,16.4,0
2026-03-02 08:45:31.277959,living_room,22.9,67.5,9.8,0
2026-03-02 08:55:31.277959,living_room,21.9,68.5,22.6,0
2026-03-02 09:05:31.277959,living_room,21.9,67.6,32.8,0
2026-03-02 09:15:31.277959,living_room,23.7,70.8,15.3,0
2026-03-02 09:25:31.277959,living_room,22.4,68.5,33.3,0
2026-03-02 09:35:31.277959,living_room,24.2,67.1,15.7,0
2026-03-02 09:45:31.277959,living_room,23.3,66.5,13.9,0
2026-03-02 09:55:31.277959,living_room,24.2,72.3,22.0,0
2026-03-02 10:05:31.277959,living_room,23.6,67.6,38.0,0
2026-03-02 10:15:31.277959,living_room,23.2,71.2,20.8,0
2026-03-02 10:25:31.277959,living_room,24.3,69.4,21.6,0
2026-03-02 10:35:31.277959,living_room,24.2,71.3,79.8,1
2026-03-02 10:45:31.277959,living_room,22.7,67.3,10.5,0
2026-03-02 10:55:31.277959,living_room,23.6,72.2,13.2,0
2026-03-02 11:05:31.277959,living_room,24.3,69.6,6.2,0
2026-03-02 11:15:31.277959,living_room,24.3,68.4,104.9,1
2026-03-02 11:25:31.277959,living_room,23.0,69.8,26.9,0
2026-03-02 11:35:31.277959,living_room,24.9,67.3,20.4,0
2026-03-02 11:45:31.277959,living_room,25.6,73.1,155.9,1
2026-03-02 11:55:31.277959,living_room,24.9,67.2,34.6,0
2026-03-02 12:05:31.277959,living_room,25.9,72.8,16.5,0
2026-03-02 12:15:31.277959,living_room,24.8,68.5,37.4,0
2026-03-02 12:25:31.277959,living_room,25.1,74.6,2.0,0
2026-03-02 12:35:31.277959,living_room,25.5,69.4,24.8,0
2026-03-02 12:45:31.277959,living_room,24.7,70.0,6.3,0
2026-03-02 12:55:31.277959,living_room,24.8,72.4,12.4,0
2026-03-02 13:05:31.277959,living_room,24.7,71.9,14.8,0
2026-03-02 13:15:31.277959,living_room,25.0,68.3,26.1,0
2026-03-02 13:25:31.277959,living_room,25.9,73.3,7.8,0
2026-03-02 13:35:31.277959,living_room,25.6,69.8,19.3,0
2026-03-02 13:45:31.277959,living_room,26.1,69.7,12.4,0
2026-03-02 13:55:31.277959,living_room,25.7,70.1,27.1,0
2026-03-02 14:05:31.277959,living_room,27.1,68.5,39.0,0
2026-03-02 14:15:31.277959,living_room,26.5,67.3,11.3,0
2026-03-02 14:25:31.277959,living_room,25.9,67.6,18.1,0
2026-03-02 14:35:31.277959,living_room,26.6,69.2,16.0,0
2026-03-02 14:45:31.277959,living_room,26.2,72.7,10.7,0
2026-03-02 14:55:31.277959,living_room,25.8,70.8,17.6,0
2026-03-02 15:05:31.277959,living_room,26.9,66.8,13.3,0
2026-03-02 15:15:31.277959,living_room,27.3,70.6,76.3,1
2026-03-02 15:25:31.277959,living_room,26.8,70.0,28.1,0
2026-03-02 15:35:31.277959,living_room,26.8,69.0,36.4,0
2026-03-02 15:45:31.277959,living_room,27.4,67.1,10.8,0
2026-03-02 15:55:31.277959,living_room,27.2,66.7,15.9,0
2026-03-02 16:05:31.277959,living_room,27.3,66.3,35.4,0
2026-03-02 16:15:31.277959,living_room,27.4,65.1,18.2,0
2026-03-02 16:25:31.277959,living_room,27.6,69.6,107.9,1
2026-03-02 16:35:31.277959,living_room,26.8,67.8,33.1,0
2026-03-02 16:45:31.277959,living_room,28.9,70.2,13.0,0
2026-03-02 16:55:31.277959,living_room,27.6,65.3,41.0,0
2026-03-02 17:05:31.277959,living_room,27.7,68.0,19.2,0
2026-03-02 17:15:31.277959,living_room,28.4,68.2,28.8,0
2026-03-02 17:25:31.277959,living_room,27.6,67.6,26.4,0
2026-03-02 17:35:31.277959,living_room,28.3,66.8,5.1,0
2026-03-02 17:45:31.277959,living_room,28.5,65.4,25.5,0
2026-03-02 17:55:31.277959,living_room,27.7,68.4,21.7,0
2026-03-02 18:05:31.277959,living_room,28.3,64.9,7.5,1
2026-03-02 18:15:31.277959,living_room,28.8,67.2,42.0,0
2026-03-02 18:25:31.277959,living_room,28.4,64.5,33.5,1
2026-03-02 18:35:31.277959,living_room,28.3,65.3,4.9,0
2026-03-02 18:45:31.277959,living_room,28.8,67.0,24.9,0
2026-03-02 18:55:31.277959,living_room,28.7,63.7,15.8,0
2026-03-02 19:05:31.277959,living_room,28.9,67.0,17.5,1
2026-03-02 19:15:31.277959,living_room,28.7,65.9,0.0,1
2026-03-02 19:25:31.277959,living_room,28.1,62.8,34.3,1
2026-03-02 19:35:31.277959,living_room,28.7,58.6,20.2,0
2026-03-02 19:45:31.277959,living_room,29.1,63.4,22.6,0
2026-03-02 19:55:31.277959,living_room,28.8,64.7,25.9,0
2026-03-02 20:05:31.277959,living_room,29.7,64.8,13.1,0
2026-03-02 20:15:31.277959,living_room,29.1,62.8,36.5,0
2026-03-02 20:25:31.277959,living_room,29.8,65.1,22.7,0
2026-03-02 20:35:31.277959,living_room,29.5,61.7,34.9,0
2026-03-02 20:45:31.277959,living_room,30.1,64.7,73.7,0
2026-03-02 20:55:31.277959,living_room,29.2,61.0,33.9,0
2026-03-02 21:05:31.277959,living_room,29.5,61.9,13.4,0
2026-03-02 21:15:31.277959,living_room,29.5,61.8,20.9,0
2026-03-02 21:25:31.277959,living_room,29.9,61.0,24.6,0
2026-03-02 21:35:31.277959,living_room,29.6,61.8,25.7,0
2026-03-02 21:45:31.277959,living_room,30.0,62.2,30.3,0
2026-03-02 21:55:31.277959,living_room,30.3,59.2,34.4,0
2026-03-02 22:05:31.277959,living_room,29.6,58.6,22.3,0
2026-03-02 22:15:31.277959,living_room,29.4,56.8,19.7,0
2026-03-02 22:25:31.277959,living_room,29.2,60.4,34.8,0
2026-03-02 22:35:31.277959,living_room,30.2,55.0,19.4,0
2026-03-02 22:45:31.277959,living_room,28.9,61.5,31.0,0
2026-03-02 22:55:31.277959,living_room,29.4,59.4,16.7,0
2026-03-02 23:05:31.277959,living_room,28.8,61.2,74.4,0
2026-03-02 23:15:31.277959,living_room,28.5,58.7,35.3,0
2026-03-02 23:25:31.277959,living_room,30.9,58.4,19.3,0
2026-03-02 23:35:31.277959,living_room,29.6,59.3,10.7,0
2026-03-02 23:45:31.277959,living_room,29.5,57.6,19.1,0
2026-03-02 23:55:31.277959,living_room,30.0,52.1,105.7,1
2026-03-03 00:05:31.277959,living_room,29.5,57.8,42.8,0
2026-03-03 00:15:31.277959,living_room,29.5,56.9,12.3,0
2026-03-03 00:25:31.277959,living_room,30.1,56.1,10.6,0
2026-03-03 00:35:31.277959,living_room,30.0,56.5,32.2,0
2026-03-03 00:45:31.277959,living_room,29.4,56.7,42.8,0
2026-03-03 00:55:31.277959,living_room,29.5,52.2,15.0,0
2026-03-03 01:05:31.277959,living_room,29.6,54.1,17.7,0
2026-03-03 01:15:31.277959,living_room,30.2,55.9,15.0,0
2026-03-03 01:25:31.277959,living_room,29.9,53.8,15.0,0
2026-03-03 01:35:31.277959,living_room,29.7,49.9,36.2,0
2026-03-03 01:45:31.277959,living_room,29.7,53.9,24.9,0
2026-03-03 01:55:31.277959,living_room,30.7,53.9,2.4,0
2026-03-03 02:05:31.277959,living_room,30.1,52.8,11.2,0
2026-03-03 02:15:31.277959,living_room,30.5,52.1,7.1,0
2026-03-03 02:25:31.277959,living_room,30.3,51.1,16.9,0
2026-03-03 02:35:31.277959,living_room,30.8,48.7,4.9,0
2026-03-03 02:45:31.277959,living_room,29.9,49.0,19.0,0
2026-03-03 02:55:31.277959,living_room,30.2,52.2,34.7,0
2026-03-03 03:05:31.277959,living_room,30.1,53.5,23.9,0
2026-03-03 03:15:31.277959,living_room,30.1,49.3,11.4,0
2026-03-03 03:25:31.277959,living_room,29.9,48.4,14.2,0
2026-03-03 03:35:31.277959,living_room,30.1,48.4,16.9,0
2026-03-03 03:45:31.277959,living_room,30.1,52.6,10.4,0
2026-03-03 03:55:31.277959,living_room,29.5,49.2,16.5,0
2026-03-03 04:05:31.277959,living_room,29.7,47.6,2.8,0
2026-03-03 04:15:31.277959,living_room,29.4,48.6,15.4,0
2026-03-03 04:25:31.277959,living_room,29.8,52.2,29.5,0
2026-03-03 04:35:31.277959,living_room,29.1,45.0,94.0,1
2026-03-03 04:45:31.277959,living_room,30.0,47.9,20.0,0
2026-03-03 04:55:31.277959,living_room,29.1,48.2,28.0,0
2026-03-03 05:05:31.277959,living_room,29.6,46.1,12.8,0
2026-03-03 05:15:31.277959,living_room,30.4,44.3,33.3,0
2026-03-03 05:25:31.277959,living_room,28.9,46.2,31.8,0
2026-03-03 05:35:31.277959,living_room,29.2,46.6,3.2,0
2026-03-03 05:45:31.277959,living_room,28.3,48.9,17.1,0
2026-03-03 05:55:31.277959,living_room,29.2,44.0,26.4,0
2026-03-03 06:05:31.277959,living_room,28.1,45.1,0.0,0
2026-03-03 06:15:31.277959,living_room,28.4,48.4,32.6,0
2026-03-03 06:25:31.277959,living_room,29.5,47.2,18.3,0
2026-03-03 06:35:31.277959,living_room,29.1,44.5,13.8,0
2026-03-03 06:45:31.277959,living_room,28.5,47.8,37.1,0
2026-03-03 06:55:31.277959,living_room,28.0,43.4,13.2,0
2026-03-03 07:05:31.277959,living_room,28.6,42.5,14.3,0
2026-03-03 07:15:31.277959,living_room,29.0,41.1,19.4,0
2026-03-03 07:25:31.277959,living_room,27.6,46.9,10.3,0
2026-03-03 07:35:31.277959,living_room,27.2,43.0,24.0,0
2026-03-03 07:45:31.277959,living_room,27.9,40.8,17.6,0
2026-03-03 07:55:31.277959,living_room,27.6,43.1,116.7,1
2026-03-03 08:05:31.277959,living_room,27.2,40.8,17.3,0
2026-03-03 08:15:31.277959,living_room,27.6,38.4,26.0,0
2026-03-03 08:25:31.277959,living_room,27.8,43.7,23.7,0
2026-03-03 08:35:31.277959,living_room,27.7,44.1,10.3,0
2026-03-03 08:45:31.277959,living_room,27.1,45.0,15.6,0
2026-03-03 08:55:31.277959,living_room,26.6,46.6,10.2,0
2026-03-03 09:05:31.277959,living_room,26.7,43.0,11.4,0
2026-03-03 09:15:31.277959,living_room,27.1,40.0,17.9,0
2026-03-03 09:25:31.277959,living_room,27.7,41.3,26.0,0
2026-03-03 09:35:31.277959,living_room,27.3,43.4,0.0,0
2026-03-03 09:45:31.277959,living_room,26.3,45.2,5.0,0
2026-03-03 09:55:31.277959,living_room,26.8,43.1,42.6,0
2026-03-03 10:05:31.277959,living_room,26.8,44.4,34.5,0
2026-03-03 10:15:31.277959,living_room,25.8,37.7,33.0,0
2026-03-03 10:25:31.277959,living_room,27.1,40.6,25.8,0
2026-03-03 10:35:31.277959,living_room,27.4,41.4,10.7,0
2026-03-03 10:45:31.277959,living_room,26.7,41.5,10.3,0
2026-03-03 10:55:31.277959,living_room,26.6,44.0,16.7,0
2026-03-03 11:05:31.277959,living_room,25.6,37.7,10.7,0
2026-03-03 11:15:31.277959,living_room,26.6,39.0,10.8,0
2026-03-03 11:25:31.277959,living_room,25.7,41.4,16.0,0
2026-03-03 11:35:31.277959,living_room,25.3,43.7,23.2,0
2026-03-03 11:45:31.277959,living_room,25.0,41.7,18.9,0
2026-03-03 11:55:31.277959,living_room,25.5,43.1,19.7,0
2026-03-03 12:05:31.277959,living_room,25.4,40.5,21.1,0
2026-03-03 12:15:31.277959,living_room,25.7,40.4,23.5,0
2026-03-03 12:25:31.277959,living_room,24.4,38.4,76.1,1
2026-03-03 12:35:31.277959,living_room,25.1,41.5,20.0,0
2026-03-03 12:45:31.277959,living_room,25.4,41.0,20.6,0
2026-03-03 12:55:31.277959,living_room,24.3,38.1,24.5,0
2026-03-03 13:05:31.277959,living_room,25.0,40.0,21.1,0
2026-03-03 13:15:31.277959,living_room,23.3,36.9,17.8,0
2026-03-03 13:25:31.277959,living_room,24.4,41.1,19.4,0
2026-03-03 13:35:31.277959,living_room,24.4,39.3,19.4,0
2026-03-03 13:45:31.277959,living_room,24.5,39.1,30.3,0
2026-03-03 13:55:31.277959,living_room,24.2,41.1,0.0,0
2026-03-03 14:05:31.277959,living_room,23.7,40.5,31.3,0
2026-03-03 14:15:31.277959,living_room,24.5,40.8,158.1,1
2026-03-03 14:25:31.277959,living_room,23.8,41.0,5.7,0
2026-03-03 14:35:31.277959,living_room,23.3,40.7,18.7,0
2026-03-03 14:45:31.277959,living_room,23.3,42.7,18.7,0
2026-03-03 14:55:31.277959,living_room,23.6,40.4,21.4,0
2026-03-03 15:05:31.277959,living_room,23.4,39.8,31.4,0
2026-03-03 15:15:31.277959,living_room,23.6,41.9,12.7,0
2026-03-03 15:25:31.277959,living_room,23.2,42.2,34.4,0
2026-03-03 15:35:31.277959,living_room,22.9,38.8,21.3,0
2026-03-03 15:45:31.277959,living_room,22.4,44.3,12.8,0
2026-03-03 15:55:31.277959,living_room,22.9,40.9,32.0,0
2026-03-03 16:05:31.277959,living_room,23.5,38.4,23.3,0
2026-03-03 16:15:31.277959,living_room,22.1,44.9,23.2,0
2026-03-03 16:25:31.277959,living_room,22.3,43.1,21.0,0
2026-03-03 16:35:31.277959,living_room,21.8,39.0,17.8,0
2026-03-03 16:45:31.277959,living_room,22.4,41.7,14.3,0
2026-03-03 16:55:31.277959,living_room,20.6,41.3,24.1,0
2026-03-03 17:05:31.277959,living_room,22.9,41.9,99.3,1
2026-03-03 17:15:31.277959,living_room,22.1,43.3,14.1,0
2026-03-03 17:25:31.277959,living_room,21.8,41.3,21.6,0
2026-03-03 17:35:31.277959,living_room,21.8,43.1,15.6,0
2026-03-03 17:45:31.277959,living_room,21.1,41.3,31.8,0
2026-03-03 17:55:31.277959,living_room,22.5,47.0,4.7,0
2026-03-03 18:05:31.277959,living_room,21.6,41.8,19.5,1
2026-03-03 18:15:31.277959,living_room,22.3,44.1,5.5,0
2026-03-03 18:25:31.277959,living_room,21.5,43.3,12.9,1
2026-03-03 18:35:31.277959,living_room,21.7,44.1,27.4,0
2026-03-03 18:45:31.277959,living_room,22.8,43.5,19.4,0
2026-03-03 18:55:31.277959,living_room,21.4,45.9,41.7,0
2026-03-03 19:05:31.277959,living_room,21.6,47.1,31.4,1
2026-03-03 19:15:31.277959,living_room,21.3,47.2,19.4,0
2026-03-03 19:25:31.277959,living_room,21.2,45.7,28.3,1
2026-03-03 19:35:31.277959,living_room,20.5,47.5,30.0,0
2026-03-03 19:45:31.277959,living_room,21.0,47.5,15.5,0
2026-03-03 19:55:31.277959,living_room,20.6,49.5,45.2,0
2026-03-03 20:05:31.277959,living_room,20.0,47.3,8.2,0
2026-03-03 20:15:31.277959,living_room,20.7,48.3,75.6,1
2026-03-03 20:25:31.277959,living_room,21.2,48.0,16.0,0
2026-03-03 20:35:31.277959,living_room,20.8,46.8,13.5,0
2026-03-03 20:45:31.277959,living_room,20.4,45.8,15.2,0
2026-03-03 20:55:31.277959,living_room,21.1,47.2,22.1,0
2026-03-03 21:05:31.277959,living_room,21.7,48.8,26.3,0
2026-03-03 21:15:31.277959,living_room,20.9,49.1,13.2,0
2026-03-03 21:25:31.277959,living_room,21.0,51.6,14.1,0
2026-03-03 21:35:31.277959,living_room,20.6,49.8,35.4,0
2026-03-03 21:45:31.277959,living_room,20.6,49.9,14.8,0
2026-03-03 21:55:31.277959,living_room,20.0,53.8,28.8,0
2026-03-03 22:05:31.277959,living_room,19.3,48.6,10.2,0
2026-03-03 22:15:31.277959,living_room,20.3,49.3,29.4,0
2026-03-03 22:25:31.277959,living_room,20.8,46.2,23.1,0
2026-03-03 22:35:31.277959,living_room,19.8,51.6,108.2,1
2026-03-03 22:45:31.277959,living_room,20.1,55.9,23.8,0
2026-03-03 22:55:31.277959,living_room,19.2,50.3,47.6,0
2026-03-03 23:05:31.277959,living_room,20.1,49.6,0.0,0
2026-03-03 23:15:31.277959,living_room,20.0,52.6,26.2,0
2026-03-03 23:25:31.277959,living_room,21.4,53.0,16.0,0
2026-03-03 23:35:31.277959,living_room,18.7,53.5,20.7,0
2026-03-03 23:45:31.277959,living_room,20.4,54.1,10.8,0
2026-03-03 23:55:31.277959,living_room,19.0,53.7,21.2,0
2026-03-04 00:05:31.277959,living_room,19.7,53.3,32.0,0
2026-03-04 00:15:31.277959,living_room,20.5,51.5,21.9,0
2026-03-04 00:25:31.277959,living_room,20.3,54.6,26.8,0
2026-03-04 00:35:31.277959,living_room,20.4,58.0,31.2,0
2026-03-04 00:45:31.277959,living_room,20.2,56.3,32.8,0
2026-03-04 00:55:31.277959,living_room,20.0,56.4,18.3,0
2026-03-04 01:05:31.277959,living_room,20.0,56.9,17.1,0
2026-03-04 01:15:31.277959,living_room,19.6,57.2,41.1,0
2026-03-04 01:25:31.277959,living_room,20.2,55.5,12.4,0
2026-03-04 01:35:31.277959,living_room,20.5,60.2,0.3,0
2026-03-04 01:45:31.277959,living_room,20.3,55.3,20.7,0
2026-03-04 01:55:31.277959,living_room,20.0,58.2,32.4,0
2026-03-04 02:05:31.277959,living_room,20.0,57.1,41.1,0
2026-03-04 02:15:31.277959,living_room,20.3,60.2,15.2,0
2026-03-04 02:25:31.277959,living_room,20.2,59.1,27.7,0
2026-03-04 02:35:31.277959,living_room,20.1,61.5,16.1,0
2026-03-04 02:45:31.277959,living_room,19.8,57.1,13.6,0
2026-03-04 02:55:31.277959,living_room,19.5,60.4,21.9,0
2026-03-04 03:05:31.277959,living_room,20.2,60.7,6.9,0
2026-03-04 03:15:31.277959,living_room,21.4,56.4,0.0,0
2026-03-04 03:25:31.277959,living_room,19.7,60.0,34.0,0
2026-03-04 03:35:31.277959,living_room,20.6,61.6,21.2,0
2026-03-04 03:45:31.277959,living_room,20.1,59.1,30.5,0
2026-03-04 03:55:31.277959,living_room,20.5,61.2,11.3,0
2026-03-04 04:05:31.277959,living_room,20.0,59.6,8.1,0
2026-03-04 04:15:31.277959,living_room,19.9,62.8,18.2,0
2026-03-04 04:25:31.277959,living_room,20.7,62.4,24.2,0
2026-03-04 04:35:31.277959,living_room,20.3,62.0,28.1,0
2026-03-04 04:45:31.277959,living_room,21.3,63.9,26.5,0
2026-03-04 04:55:31.277959,living_room,21.2,64.2,0.0,0
2026-03-04 05:05:31.277959,living_room,21.0,63.8,24.5,0
2026-03-04 05:15:31.277959,living_room,20.4,67.2,18.2,0
2026-03-04 05:25:31.277959,living_room,21.2,64.3,26.3,0
2026-03-04 05:35:31.277959,living_room,21.1,64.5,38.9,0
2026-03-04 05:45:31.277959,living_room,21.0,66.0,15.3,0
2026-03-04 05:55:31.277959,living_room,20.8,66.1,21.4,0
2026-03-04 06:05:31.277959,living_room,20.6,68.7,17.1,0
2026-03-04 06:15:31.277959,living_room,21.2,63.8,23.0,0
2026-03-04 06:25:31.277959,living_room,20.9,63.0,7.5,0
2026-03-04 06:35:31.277959,living_room,21.9,65.2,31.0,0
2026-03-04 06:45:31.277959,living_room,21.7,66.3,6.6,0
2026-03-04 06:55:31.277959,living_room,20.5,69.9,26.2,0
2026-03-04 07:05:31.277959,living_room,21.7,64.8,24.0,0
2026-03-04 07:15:31.277959,living_room,20.8,68.4,12.5,0
2026-03-04 07:25:31.277959,living_room,22.0,68.0,28.4,0
2026-03-04 07:35:31.277959,living_room,21.7,67.0,29.5,0
2026-03-04 07:45:31.277959,living_room,22.8,68.8,20.0,0
2026-03-04 07:55:31.277959,living_room,22.9,69.3,21.0,0
2026-03-04 08:05:31.277959,living_room,22.9,63.7,27.9,0
2026-03-04 08:15:31.277959,living_room,22.2,68.4,26.9,0
2026-03-04 08:25:31.277959,living_room,23.4,65.7,128.8,1
2026-03-04 08:35:31.277959,living_room,23.0,70.9,35.5,0
2026-03-04 08:45:31.277959,living_room,23.3,69.7,32.6,0
2026-03-04 08:55:31.277959,living_room,22.8,66.7,0.0,0
2026-03-04 09:05:31.277959,living_room,23.0,67.6,119.1,1
2026-03-04 09:15:31.277959,living_room,22.8,73.4,89.2,1
2026-03-04 09:25:31.277959,living_room,22.7,66.1,26.9,0
2026-03-04 09:35:31.277959,living_room,23.5,68.0,8.0,0
2026-03-04 09:45:31.277959,living_room,22.8,65.9,29.1,0
2026-03-04 09:55:31.277959,living_room,23.3,66.5,15.7,0
2026-03-04 10:05:31.277959,living_room,23.8,73.1,26.4,0
2026-03-04 10:15:31.277959,living_room,23.3,72.3,17.7,0
2026-03-04 10:25:31.277959,living_room,24.0,70.1,27.7,0
2026-03-04 10:35:31.277959,living_room,24.1,66.2,31.5,0
2026-03-04 10:45:31.277959,living_room,23.9,70.6,95.4,1
2026-03-04 10:55:31.277959,living_room,24.2,70.2,19.1,0
2026-03-04 11:05:31.277959,living_room,23.6,72.7,49.7,0
2026-03-04 11:15:31.277959,living_room,23.8,69.1,21.9,0
2026-03-04 11:25:31.277959,living_room,23.8,71.2,27.1,0
2026-03-04 11:35:31.277959,living_room,24.5,71.9,7.1,0
2026-03-04 11:45:31.277959,living_room,24.6,66.6,0.0,0
2026-03-04 11:55:31.277959,living_room,24.2,71.7,37.1,0
2026-03-04 12:05:31.277959,living_room,25.5,68.3,22.5,0
2026-03-04 12:15:31.277959,living_room,25.3,69.1,22.6,0
2026-03-04 12:25:31.277959,living_room,24.8,70.4,13.8,0
2026-03-04 12:35:31.277959,living_room,25.1,72.8,17.5,0
2026-03-04 12:45:31.277959,living_room,24.9,69.8,28.5,0
2026-03-04 12:55:31.277959,living_room,25.5,70.3,14.7,0
2026-03-04 13:05:31.277959,living_room,25.4,67.3,8.2,0
2026-03-04 13:15:31.277959,living_room,25.0,69.0,14.9,0
2026-03-04 13:25:31.277959,living_room,25.7,71.9,36.3,0
2026-03-04 13:35:31.277959,living_room,26.1,71.4,3.8,0
2026-03-04 13:45:31.277959,living_room,26.1,71.0,10.5,0
2026-03-04 13:55:31.277959,living_room,25.8,70.7,30.6,0
2026-03-04 14:05:31.277959,living_room,26.1,70.4,18.7,0
2026-03-04 14:15:31.277959,living_room,26.4,69.0,18.7,0
2026-03-04 14:25:31.277959,living_room,25.8,72.5,23.9,0
2026-03-04 14:35:31.277959,living_room,27.0,69.0,14.0,0
2026-03-04 14:45:31.277959,living_room,26.8,65.6,27.5,0
2026-03-04 14:55:31.277959,living_room,26.6,71.6,18.2,0
2026-03-04 15:05:31.277959,living_room,26.9,69.3,16.1,0
2026-03-04 15:15:31.277959,living_room,26.4,70.7,6.9,0
2026-03-04 15:25:31.277959,living_room,26.8,72.8,4.0,0
2026-03-04 15:35:31.277959,living_room,27.1,67.8,15.1,0
2026-03-04 15:45:31.277959,living_room,26.9,68.7,40.9,0
2026-03-04 15:55:31.277959,living_room,27.3,72.2,29.4,0
2026-03-04 16:05:31.277959,living_room,27.4,73.8,15.6,0
2026-03-04 16:15:31.277959,living_room,27.1,69.7,26.6,0
2026-03-04 16:25:31.277959,living_room,26.7,70.6,25.8,0
2026-03-04 16:35:31.277959,living_room,28.3,68.3,37.9,0
2026-03-04 16:45:31.277959,living_room,26.8,68.9,31.6,0
2026-03-04 16:55:31.277959,living_room,28.8,67.7,16.8,0
2026-03-04 17:05:31.277959,living_room,28.6,67.8,109.0,1
2026-03-04 17:15:31.277959,living_room,27.4,66.2,17.9,0
2026-03-04 17:25:31.277959,living_room,27.4,63.5,5.9,0
2026-03-04 17:35:31.277959,living_room,28.4,64.5,25.2,0
2026-03-04 17:45:31.277959,living_room,27.7,67.4,22.4,0
2026-03-04 17:55:31.277959,living_room,28.2,63.7,29.8,0
2026-03-04 18:05:31.277959,living_room,28.6,69.9,13.0,1
2026-03-04 18:15:31.277959,living_room,28.1,65.9,12.0,1
2026-03-04 18:25:31.277959,living_room,28.9,60.7,18.8,1
2026-03-04 18:35:31.277959,living_room,28.1,68.5,19.1,0
2026-03-04 18:45:31.277959,living_room,28.5,68.5,31.6,0
2026-03-04 18:55:31.277959,living_room,28.8,62.4,8.8,0
2026-03-04 19:05:31.277959,living_room,29.8,65.0,7.5,1
2026-03-04 19:15:31.277959,living_room,28.1,64.8,23.5,1
2026-03-04 19:25:31.277959,living_room,27.9,61.4,34.7,1
2026-03-04 19:35:31.277959,living_room,28.3,65.0,30.6,0
2026-03-04 19:45:31.277959,living_room,28.7,63.1,21.9,0
2026-03-04 19:55:31.277959,living_room,29.6,62.0,15.7,0
2026-03-04 20:05:31.277959,living_room,29.3,60.6,25.7,0
2026-03-04 20:15:31.277959,living_room,28.4,61.7,15.1,0
2026-03-04 20:25:31.277959,living_room,28.7,63.0,16.5,0
2026-03-04 20:35:31.277959,living_room,29.4,57.1,20.8,0
2026-03-04 20:45:31.277959,living_room,28.9,61.9,31.6,0
2026-03-04 20:55:31.277959,living_room,29.7,64.2,12.3,0
2026-03-04 21:05:31.277959,living_room,30.0,61.3,17.6,0
2026-03-04 21:15:31.277959,living_room,29.6,61.6,23.9,0
2026-03-04 21:25:31.277959,living_room,29.1,59.8,24.1,0
2026-03-04 21:35:31.277959,living_room,29.9,59.2,17.4,0
2026-03-04 21:45:31.277959,living_room,29.7,64.1,25.1,0
2026-03-04 21:55:31.277959,living_room,29.4,58.7,26.3,0
2026-03-04 22:05:31.277959,living_room,30.0,58.7,34.8,0
2026-03-04 22:15:31.277959,living_room,29.7,60.6,30.2,0
2026-03-04 22:25:31.277959,living_room,29.1,60.2,21.6,0
2026-03-04 22:35:31.277959,living_room,29.5,60.8,17.5,0
2026-03-04 22:45:31.277959,living_room,30.2,58.0,32.7,0
2026-03-04 22:55:31.277959,living_room,29.4,56.5,22.4,0
2026-03-04 23:05:31.277959,living_room,30.0,57.1,14.4,0
2026-03-04 23:15:31.277959,living_room,28.5,56.9,19.4,0
2026-03-04 23:25:31.277959,living_room,29.8,56.7,17.1,0
2026-03-04 23:35:31.277959,living_room,30.3,54.5,18.5,0
2026-03-04 23:45:31.277959,living_room,30.2,59.6,9.0,0
2026-03-04 23:55:31.277959,living_room,30.0,57.2,17.8,0
2026-03-05 00:05:31.277959,living_room,29.5,56.1,19.5,0
2026-03-05 00:15:31.277959,living_room,29.9,56.9,2.4,0
2026-03-05 00:25:31.277959,living_room,30.0,55.0,14.3,0
2026-03-05 00:35:31.277959,living_room,30.0,53.0,15.8,0
2026-03-05 00:45:31.277959,living_room,29.5,55.3,16.0,0
2026-03-05 00:55:31.277959,living_room,29.8,55.8,36.4,0
2026-03-05 01:05:31.277959,living_room,30.9,54.1,11.9,0
2026-03-05 01:15:31.277959,living_room,30.6,51.5,27.2,0
2026-03-05 01:25:31.277959,living_room,30.0,51.3,12.4,0
2026-03-05 01:35:31.277959,living_room,29.6,53.1,28.6,0
2026-03-05 01:45:31.277959,living_room,29.5,56.2,25.0,0
2026-03-05 01:55:31.277959,living_room,30.2,52.2,15.4,0
2026-03-05 02:05:31.277959,living_room,29.6,53.7,22.3,0
2026-03-05 02:15:31.277959,living_room,29.8,52.6,22.5,0
2026-03-05 02:25:31.277959,living_room,29.6,49.1,24.4,0
2026-03-05 02:35:31.277959,living_room,29.7,50.5,14.1,0
2026-03-05 02:45:31.277959,living_room,30.0,51.4,18.3,0
2026-03-05 02:55:31.277959,living_room,29.4,49.9,31.3,0
2026-03-05 03:05:31.277959,living_room,30.2,50.3,3.0,0
2026-03-05 03:15:31.277959,living_room,29.4,50.0,7.0,0
2026-03-05 03:25:31.277959,living_room,30.5,51.2,0.0,0
2026-03-05 03:35:31.277959,living_room,30.3,50.5,18.6,0
2026-03-05 03:45:31.277959,living_room,29.5,47.6,32.5,0
2026-03-05 03:55:31.277959,living_room,29.3,45.5,28.1,0
2026-03-05 04:05:31.277959,living_room,29.7,50.2,16.3,0
2026-03-05 04:15:31.277959,living_room,30.5,47.6,23.6,0
2026-03-05 04:25:31.277959,living_room,29.0,48.5,23.0,0
2026-03-05 04:35:31.277959,living_room,29.5,46.7,115.6,1
2026-03-05 04:45:31.277959,living_room,28.4,45.6,26.7,0
2026-03-05 04:55:31.277959,living_room,29.2,45.6,33.6,0
2026-03-05 05:05:31.277959,living_room,29.2,47.4,27.0,0
2026-03-05 05:15:31.277959,living_room,29.4,46.8,19.8,0
2026-03-05 05:25:31.277959,living_room,29.1,48.2,34.9,0
2026-03-05 05:35:31.277959,living_room,28.9,45.7,20.7,0
2026-03-05 05:45:31.277959,living_room,30.1,41.6,32.7,0
2026-03-05 05:55:31.277959,living_room,29.3,48.0,32.2,0
2026-03-05 06:05:31.277959,living_room,28.5,45.8,10.0,0
2026-03-05 06:15:31.277959,living_room,28.0,44.4,7.5,0
2026-03-05 06:25:31.277959,living_room,29.3,46.0,16.6,0
2026-03-05 06:35:31.277959,living_room,28.7,45.6,153.8,1
2026-03-05 06:45:31.277959,living_room,28.9,44.9,135.3,1
2026-03-05 06:55:31.277959,living_room,28.4,44.3,11.9,0
2026-03-05 07:05:31.277959,living_room,28.2,40.0,21.1,0
2026-03-05 07:15:31.277959,living_room,28.0,43.3,19.9,0
2026-03-05 07:25:31.277959,living_room,27.4,41.3,15.7,0
2026-03-05 07:35:31.277959,living_room,27.7,41.9,4.4,0
2026-03-05 07:45:31.277959,living_room,28.1,43.2,30.6,0
2026-03-05 07:55:31.277959,living_room,27.3,38.0,22.9,0
2026-03-05 08:05:31.277959,living_room,27.7,43.6,20.7,0
2026-03-05 08:15:31.277959,living_room,27.9,41.0,33.3,0
2026-03-05 08:25:31.277959,living_room,28.2,44.0,15.7,0
2026-03-05 08:35:31.277959,living_room,27.5,38.2,13.2,0
2026-03-05 08:45:31.277959,living_room,27.2,43.4,24.2,0
2026-03-05 08:55:31.277959,living_room,27.0,43.6,30.4,0
2026-03-05 09:05:31.277959,living_room,27.3,40.3,43.2,0
2026-03-05 09:15:31.277959,living_room,27.4,41.3,22.0,0
2026-03-05 09:25:31.277959,living_room,27.9,44.2,10.4,0
2026-03-05 09:35:31.277959,living_room,27.2,41.6,18.5,0
2026-03-05 09:45:31.277959,living_room,26.8,43.5,11.5,0
2026-03-05 09:55:31.277959,living_room,26.6,41.8,8.8,0
2026-03-05 10:05:31.277959,living_room,26.0,36.1,14.3,0
2026-03-05 10:15:31.277959,living_room,26.8,40.4,40.4,0
2026-03-05 10:25:31.277959,living_room,25.1,39.8,20.4,0
2026-03-05 10:35:31.277959,living_room,26.6,39.9,10.2,0
2026-03-05 10:45:31.277959,living_room,25.6,39.2,42.1,0
2026-03-05 10:55:31.277959,living_room,25.7,39.0,0.9,0
2026-03-05 11:05:31.277959,living_room,25.9,40.0,18.5,0
2026-03-05 11:15:31.277959,living_room,26.2,42.3,35.7,0
2026-03-05 11:25:31.277959,living_room,24.9,41.7,31.7,0
2026-03-05 11:35:31.277959,living_room,25.3,38.9,8.7,0
2026-03-05 11:45:31.277959,living_room,25.7,44.9,46.2,0
2026-03-05 11:55:31.277959,living_room,25.1,39.3,16.0,0
2026-03-05 12:05:31.277959,living_room,25.0,44.1,36.1,0
2026-03-05 12:15:31.277959,living_room,24.6,41.5,33.0,0
2026-03-05 12:25:31.277959,living_room,24.7,36.8,17.1,0
2026-03-05 12:35:31.277959,living_room,24.8,37.3,19.8,0
2026-03-05 12:45:31.277959,living_room,24.8,39.1,28.5,0
2026-03-05 12:55:31.277959,living_room,24.7,38.5,22.8,0
2026-03-05 13:05:31.277959,living_room,24.6,37.7,29.5,0
2026-03-05 13:15:31.277959,living_room,24.0,38.0,7.7,0
2026-03-05 13:25:31.277959,living_room,24.6,39.6,30.9,0
2026-03-05 13:35:31.277959,living_room,25.5,42.1,8.9,0
2026-03-05 13:45:31.277959,living_room,24.9,36.5,57.6,0
2026-03-05 13:55:31.277959,living_room,24.0,39.9,34.5,0
2026-03-05 14:05:31.277959,living_room,23.2,41.0,15.6,0
2026-03-05 14:15:31.277959,living_room,24.3,40.9,23.7,0
2026-03-05 14:25:31.277959,living_room,23.3,43.1,29.5,0
2026-03-05 14:35:31.277959,living_room,23.6,39.3,31.0,0
2026-03-05 14:45:31.277959,living_room,24.2,37.7,24.9,0
2026-03-05 14:55:31.277959,living_room,23.0,39.6,107.7,1
2026-03-05 15:05:31.277959,living_room,23.0,37.8,13.4,0
2026-03-05 15:15:31.277959,living_room,24.2,40.4,30.8,0
2026-03-05 15:25:31.277959,living_room,22.5,41.5,12.5,0
2026-03-05 15:35:31.277959,living_room,23.4,39.4,20.3,0
2026-03-05 15:45:31.277959,living_room,22.7,40.8,12.0,0
2026-03-05 15:55:31.277959,living_room,22.5,41.3,22.4,0
2026-03-05 16:05:31.277959,living_room,22.5,39.4,30.2,0
2026-03-05 16:15:31.277959,living_room,23.5,41.9,21.6,0
2026-03-05 16:25:31.277959,living_room,22.7,45.3,33.2,0
2026-03-05 16:35:31.277959,living_room,22.3,42.8,32.1,0
2026-03-05 16:45:31.277959,living_room,22.0,39.1,8.8,0
2026-03-05 16:55:31.277959,living_room,22.4,42.3,21.6,0
2026-03-05 17:05:31.277959,living_room,22.1,41.4,0.0,0
2026-03-05 17:15:31.277959,living_room,22.1,43.5,106.4,1
2026-03-05 17:25:31.277959,living_room,22.4,42.7,24.8,0
2026-03-05 17:35:31.277959,living_room,21.5,45.4,29.6,0
2026-03-05 17:45:31.277959,living_room,21.0,38.8,8.0,0
2026-03-05 17:55:31.277959,living_room,21.8,44.0,0.0,0
2026-03-05 18:05:31.277959,living_room,21.7,42.8,1.1,1
2026-03-05 18:15:31.277959,living_room,21.3,42.2,27.2,1
2026-03-05 18:25:31.277959,living_room,21.2,45.4,24.4,1
2026-03-05 18:35:31.277959,living_room,21.7,43.3,11.6,0
2026-03-05 18:45:31.277959,living_room,20.4,48.4,33.9,0
2026-03-05 18:55:31.277959,living_room,21.8,47.0,25.9,0
2026-03-05 19:05:31.277959,living_room,22.1,43.8,23.9,1
2026-03-05 19:15:31.277959,living_room,21.2,44.8,100.4,1
2026-03-05 19:25:31.277959,living_room,20.9,46.6,13.1,1
2026-03-05 19:35:31.277959,living_room,20.0,48.2,23.3,0
2026-03-05 19:45:31.277959,living_room,20.4,46.9,15.7,0
2026-03-05 19:55:31.277959,living_room,20.7,48.1,52.6,0
2026-03-05 20:05:31.277959,living_room,20.8,46.8,10.0,0
2026-03-05 20:15:31.277959,living_room,21.0,47.8,26.1,0
2026-03-05 20:25:31.277959,living_room,21.0,47.9,30.9,0
2026-03-05 20:35:31.277959,living_room,20.8,48.2,28.2,0
2026-03-05 20:45:31.277959,living_room,21.4,49.6,9.7,0
2026-03-05 20:55:31.277959,living_room,19.7,46.6,24.4,0
2026-03-05 21:05:31.277959,living_room,20.1,48.2,20.9,0
2026-03-05 21:15:31.277959,living_room,19.9,49.9,9.3,0
2026-03-05 21:25:31.277959,living_room,20.3,48.9,9.1,0
2026-03-05 21:35:31.277959,living_room,19.8,49.8,7.1,0
2026-03-05 21:45:31.277959,living_room,20.0,49.0,6.0,0
2026-03-05 21:55:31.277959,living_room,19.8,48.4,14.2,0
2026-03-05 22:05:31.277959,living_room,20.2,53.3,25.4,0
2026-03-05 22:15:31.277959,living_room,19.7,48.0,22.4,0
2026-03-05 22:25:31.277959,living_room,20.0,47.8,39.1,0
2026-03-05 22:35:31.277959,living_room,19.4,54.0,23.3,0
2026-03-05 22:45:31.277959,living_room,20.2,52.1,10.5,0
2026-03-05 22:55:31.277959,living_room,20.6,54.1,23.2,0
2026-03-05 23:05:31.277959,living_room,20.0,51.8,17.6,0
2026-03-05 23:15:31.277959,living_room,20.1,53.3,31.7,0
2026-03-05 23:25:31.277959,living_room,20.0,55.3,7.3,0
2026-03-05 23:35:31.277959,living_room,19.9,52.4,10.7,0
2026-03-05 23:45:31.277959,living_room,19.9,53.1,16.4,0
2026-03-05 23:55:31.277959,living_room,19.7,55.7,42.6,0
2026-03-06 00:05:31.277959,living_room,20.4,50.7,8.3,0
2026-03-06 00:15:31.277959,living_room,19.6,53.5,19.4,0
2026-03-06 00:25:31.277959,living_room,20.3,56.3,93.8,1
2026-03-06 00:35:31.277959,living_room,19.7,52.7,27.0,0
2026-03-06 00:45:31.277959,living_room,20.1,54.3,32.4,0
2026-03-06 00:55:31.277959,living_room,20.5,58.3,24.5,0
2026-03-06 01:05:31.277959,living_room,19.7,58.0,13.2,0
2026-03-06 01:15:31.277959,living_room,20.6,54.7,15.7,0
2026-03-06 01:25:31.277959,living_room,20.8,56.9,12.5,0
2026-03-06 01:35:31.277959,living_room,19.8,55.8,129.2,1
2026-03-06 01:45:31.277959,living_room,20.4,55.5,21.7,0
2026-03-06 01:55:31.277959,living_room,20.8,55.5,6.0,0
2026-03-06 02:05:31.277959,living_room,19.3,59.0,27.9,0
2026-03-06 02:15:31.277959,living_room,20.0,59.0,27.0,0
2026-03-06 02:25:31.277959,living_room,20.3,57.5,27.3,0
2026-03-06 02:35:31.277959,living_room,20.5,61.2,27.3,0
2026-03-06 02:45:31.277959,living_room,19.8,61.2,15.4,0
2026-03-06 02:55:31.277959,living_room,19.7,60.3,31.4,0
2026-03-06 03:05:31.277959,living_room,20.4,61.4,12.4,0
2026-03-06 03:15:31.277959,living_room,20.4,60.0,34.9,0
2026-03-06 03:25:31.277959,living_room,21.1,60.8,32.8,0
2026-03-06 03:35:31.277959,living_room,20.7,60.4,17.4,0
2026-03-06 03:45:31.277959,living_room,20.2,62.6,23.2,0
2026-03-06 03:55:31.277959,living_room,20.3,64.2,13.7,0
2026-03-06 04:05:31.277959,living_room,21.1,57.9,32.5,0
2026-03-06 04:15:31.277959,living_room,21.2,64.6,9.4,0
2026-03-06 04:25:31.277959,living_room,19.6,60.8,27.7,0
2026-03-06 04:35:31.277959,living_room,21.1,65.7,26.4,0
2026-03-06 04:45:31.277959,living_room,20.6,61.3,12.6,0
2026-03-06 04:55:31.277959,living_room,20.8,62.9,19.6,0
2026-03-06 05:05:31.277959,living_room,20.1,61.8,16.9,0
2026-03-06 05:15:31.277959,living_room,20.7,65.5,8.5,0
2026-03-06 05:25:31.277959,living_room,20.5,60.3,14.9,0
2026-03-06 05:35:31.277959,living_room,20.4,63.9,14.9,0
2026-03-06 05:45:31.277959,living_room,21.5,64.6,27.4,0
2026-03-06 05:55:31.277959,living_room,21.3,60.0,26.7,0
2026-03-06 06:05:31.277959,living_room,21.7,66.6,29.0,0
2026-03-06 06:15:31.277959,living_room,21.2,63.6,130.4,1
2026-03-06 06:25:31.277959,living_room,21.5,64.4,34.2,0
2026-03-06 06:35:31.277959,living_room,21.7,67.2,2.8,0
2026-03-06 06:45:31.277959,living_room,21.3,67.9,28.1,0
2026-03-06 06:55:31.277959,living_room,21.9,69.5,34.6,0
2026-03-06 07:05:31.277959,living_room,21.1,68.9,39.8,0
2026-03-06 07:15:31.277959,living_room,22.4,67.2,1.7,0
2026-03-06 07:25:31.277959,living_room,22.0,64.7,15.8,0
2026-03-06 07:35:31.277959,living_room,22.2,69.9,35.2,0
2026-03-06 07:45:31.277959,living_room,21.2,66.5,16.3,0
2026-03-06 07:55:31.277959,living_room,21.7,69.4,16.8,0
2026-03-06 08:05:31.277959,living_room,22.3,64.5,21.1,0
2026-03-06 08:15:31.277959,living_room,22.4,68.1,11.8,0
2026-03-06 08:25:31.277959,living_room,23.1,64.5,23.9,0
2026-03-06 08:35:31.277959,living_room,22.7,66.4,24.8,0
2026-03-06 08:45:31.277959,living_room,22.5,66.4,98.7,1
2026-03-06 08:55:31.277959,living_room,21.8,65.2,27.6,0
2026-03-06 09:05:31.277959,living_room,22.8,65.6,118.0,1
2026-03-06 09:15:31.277959,living_room,22.0,67.0,29.9,0
2026-03-06 09:25:31.277959,living_room,22.9,71.8,24.8,0
2026-03-06 09:35:31.277959,living_room,23.6,68.4,14.3,0
2026-03-06 09:45:31.277959,living_room,23.5,70.9,18.9,0
2026-03-06 09:55:31.277959,living_room,22.5,68.8,13.5,0
2026-03-06 10:05:31.277959,living_room,23.9,67.7,42.5,0
2026-03-06 10:15:31.277959,living_room,23.8,71.9,27.5,0
2026-03-06 10:25:31.277959,living_room,22.4,67.5,19.0,0
2026-03-06 10:35:31.277959,living_room,23.0,70.7,24.8,0
2026-03-06 10:45:31.277959,living_room,24.4,66.5,119.9,1
2026-03-06 10:55:31.277959,living_room,24.4,70.9,26.0,0
2026-03-06 11:05:31.277959,living_room,23.7,68.9,4.5,0
2026-03-06 11:15:31.277959,living_room,24.8,67.7,8.5,0
2026-03-06 11:25:31.277959,living_room,24.8,69.3,17.2,0
2026-03-06 11:35:31.277959,living_room,24.0,71.0,17.0,0
2026-03-06 11:45:31.277959,living_room,24.3,70.8,12.6,0
2026-03-06 11:55:31.277959,living_room,24.5,69.3,89.1,1
2026-03-06 12:05:31.277959,living_room,24.2,71.0,19.4,0
2026-03-06 12:15:31.277959,living_room,24.5,71.3,26.8,0
2026-03-06 12:25:31.277959,living_room,26.1,71.2,4.6,0
2026-03-06 12:35:31.277959,living_room,25.9,70.1,27.5,0
2026-03-06 12:45:31.277959,living_room,25.4,74.5,31.7,0
2026-03-06 12:55:31.277959,living_room,25.4,66.9,35.5,0
2026-03-06 13:05:31.277959,living_room,24.7,71.4,23.0,0
2026-03-06 13:15:31.277959,living_room,26.3,68.9,14.5,0
2026-03-06 13:25:31.277959,living_room,25.5,71.2,29.3,0
2026-03-06 13:35:31.277959,living_room,25.4,66.4,25.0,0
2026-03-06 13:45:31.277959,living_room,26.0,69.8,26.1,0
2026-03-06 13:55:31.277959,living_room,26.3,67.1,25.7,0
2026-03-06 14:05:31.277959,living_room,25.2,73.6,17.2,0
2026-03-06 14:15:31.277959,living_room,27.1,67.8,31.3,0
2026-03-06 14:25:31.277959,living_room,26.5,72.1,96.6,1
2026-03-06 14:35:31.277959,living_room,25.9,71.0,26.0,0
2026-03-06 14:45:31.277959,living_room,26.9,67.0,16.7,0
2026-03-06 14:55:31.277959,living_room,27.2,70.6,25.4,0
2026-03-06 15:05:31.277959,living_room,27.5,67.8,27.7,0
2026-03-06 15:15:31.277959,living_room,27.4,67.1,13.6,0
2026-03-06 15:25:31.277959,living_room,27.2,68.2,24.4,0
2026-03-06 15:35:31.277959,living_room,27.7,69.1,18.5,0
2026-03-06 15:45:31.277959,living_room,26.9,64.5,22.6,0
2026-03-06 15:55:31.277959,living_room,26.7,68.8,30.5,0
2026-03-06 16:05:31.277959,living_room,26.8,69.8,4.6,0
2026-03-06 16:15:31.277959,living_room,27.2,67.4,30.6,0
2026-03-06 16:25:31.277959,living_room,27.7,67.9,39.4,0
2026-03-06 16:35:31.277959,living_room,27.9,67.6,26.5,0
2026-03-06 16:45:31.277959,living_room,27.3,69.2,4.9,0
2026-03-06 16:55:31.277959,living_room,27.7,68.2,17.0,0
2026-03-06 17:05:31.277959,living_room,26.8,67.6,23.2,0
2026-03-06 17:15:31.277959,living_room,28.0,70.6,11.3,0
2026-03-06 17:25:31.277959,living_room,27.8,68.4,20.4,0
2026-03-06 17:35:31.277959,living_room,27.2,67.9,16.0,0
2026-03-06 17:45:31.277959,living_room,28.8,65.8,23.3,0
2026-03-06 17:55:31.277959,living_room,28.0,66.7,8.3,0
2026-03-06 18:05:31.277959,living_room,27.9,62.2,9.1,1
2026-03-06 18:15:31.277959,living_room,28.2,62.7,17.0,0
2026-03-06 18:25:31.277959,living_room,29.1,63.8,6.1,1
2026-03-06 18:35:31.277959,living_room,28.8,64.4,23.4,0
2026-03-06 18:45:31.277959,living_room,28.4,63.8,22.6,0
2026-03-06 18:55:31.277959,living_room,29.2,67.3,9.1,0
2026-03-06 19:05:31.277959,living_room,28.9,62.4,38.5,1
2026-03-06 19:15:31.277959,living_room,29.9,65.3,10.8,1
2026-03-06 19:25:31.277959,living_room,28.5,62.1,16.2,1
2026-03-06 19:35:31.277959,living_room,28.8,64.3,23.7,0
2026-03-06 19:45:31.277959,living_room,28.2,63.5,8.7,0
2026-03-06 19:55:31.277959,living_room,29.6,63.8,12.2,0
2026-03-06 20:05:31.277959,living_room,28.3,64.8,27.4,0
2026-03-06 20:15:31.277959,living_room,28.7,60.1,17.4,0
2026-03-06 20:25:31.277959,living_room,29.7,62.9,9.4,0
2026-03-06 20:35:31.277959,living_room,29.0,62.9,17.1,0
2026-03-06 20:45:31.277959,living_room,29.7,57.8,38.7,0
2026-03-06 20:55:31.277959,living_room,28.5,61.5,24.7,0
2026-03-06 21:05:31.277959,living_room,29.2,60.9,23.2,0
2026-03-06 21:15:31.277959,living_room,29.5,60.4,0.0,0
2026-03-06 21:25:31.277959,living_room,29.4,60.8,24.1,0
2026-03-06 21:35:31.277959,living_room,29.0,61.6,7.9,0
2026-03-06 21:45:31.277959,living_room,29.3,60.5,32.0,0
2026-03-06 21:55:31.277959,living_room,30.0,62.5,9.7,0
2026-03-06 22:05:31.277959,living_room,29.7,59.0,12.1,0
2026-03-06 22:15:31.277959,living_room,30.7,59.5,22.3,0
2026-03-06 22:25:31.277959,living_room,29.4,58.7,25.5,0
2026-03-06 22:35:31.277959,living_room,29.3,61.5,19.8,0
2026-03-06 22:45:31.277959,living_room,29.0,62.7,29.1,0
2026-03-06 22:55:31.277959,living_room,30.0,60.3,125.5,1
2026-03-06 23:05:31.277959,living_room,30.7,59.8,22.8,0
2026-03-06 23:15:31.277959,living_room,30.4,58.5,13.2,0
2026-03-06 23:25:31.277959,living_room,30.9,61.3,101.9,1
2026-03-06 23:35:31.277959,living_room,29.7,57.4,32.4,0
2026-03-06 23:45:31.277959,living_room,30.3,52.6,96.8,1
2026-03-06 23:55:31.277959,living_room,31.2,55.2,35.4,0
2026-03-07 00:05:31.277959,living_room,29.7,56.2,26.4,0
2026-03-07 00:15:31.277959,living_room,30.1,55.8,0.0,0
2026-03-07 00:25:31.277959,living_room,30.3,56.8,20.8,0
2026-03-07 00:35:31.277959,living_room,30.7,55.6,23.3,0
2026-03-07 00:45:31.277959,living_room,30.6,56.9,15.6,0
2026-03-07 00:55:31.277959,living_room,29.2,53.1,28.4,0
2026-03-07 01:05:31.277959,living_room,30.2,53.5,7.0,0
2026-03-07 01:15:31.277959,living_room,30.0,58.4,15.7,0
2026-03-07 01:25:31.277959,living_room,30.3,53.7,0.0,0
2026-03-07 01:35:31.277959,living_room,29.2,53.2,22.7,0
2026-03-07 01:45:31.277959,living_room,29.9,51.5,11.1,0
2026-03-07 01:55:31.277959,living_room,29.8,52.9,18.1,0
2026-03-07 02:05:31.277959,living_room,30.6,49.1,5.2,0
2026-03-07 02:15:31.277959,living_room,30.3,56.0,27.6,0
2026-03-07 02:25:31.277959,living_room,29.6,50.4,15.8,0
2026-03-07 02:35:31.277959,living_room,29.7,50.5,41.9,0
2026-03-07 02:45:31.277959,living_room,30.5,50.4,2.1,0
2026-03-07 02:55:31.277959,living_room,29.7,53.7,15.3,0
2026-03-07 03:05:31.277959,living_room,30.1,50.9,31.0,0
2026-03-07 03:15:31.277959,living_room,29.6,52.3,25.3,0
2026-03-07 03:25:31.277959,living_room,29.2,49.4,28.3,0
2026-03-07 03:35:31.277959,living_room,29.7,48.2,11.9,0
2026-03-07 03:45:31.277959,living_room,29.8,45.8,19.6,0
2026-03-07 03:55:31.277959,living_room,28.8,48.8,23.0,0
2026-03-07 04:05:31.277959,living_room,29.4,48.6,15.2,0
2026-03-07 04:15:31.277959,living_room,29.4,47.0,34.4,0
2026-03-07 04:25:31.277959,living_room,29.9,48.2,28.6,0
2026-03-07 04:35:31.277959,living_room,29.2,46.7,18.8,0
2026-03-07 04:45:31.277959,living_room,29.1,45.3,10.4,0
2026-03-07 04:55:31.277959,living_room,29.7,46.7,28.3,0
2026-03-07 05:05:31.277959,living_room,29.3,47.7,118.4,1
2026-03-07 05:15:31.277959,living_room,29.1,49.1,35.9,0
2026-03-07 05:25:31.277959,living_room,28.9,45.8,21.1,0
2026-03-07 05:35:31.277959,living_room,29.3,42.0,76.6,0
2026-03-07 05:45:31.277959,living_room,29.1,44.2,27.8,0
2026-03-07 05:55:31.277959,living_room,29.1,46.3,20.4,0
2026-03-07 06:05:31.277959,living_room,28.7,43.9,12.7,0
2026-03-07 06:15:31.277959,living_room,28.3,43.5,29.0,0
2026-03-07 06:25:31.277959,living_room,28.2,46.7,26.2,0
2026-03-07 06:35:31.277959,living_room,29.4,44.0,17.1,0
2026-03-07 06:45:31.277959,living_room,28.5,42.5,28.1,0
2026-03-07 06:55:31.277959,living_room,28.6,43.8,38.1,0
2026-03-07 07:05:31.277959,living_room,27.6,44.4,5.6,0
2026-03-07 07:15:31.277959,living_room,28.6,41.3,22.9,0
2026-03-07 07:25:31.277959,living_room,27.7,45.8,37.7,0
2026-03-07 07:35:31.277959,living_room,27.4,41.7,11.6,0
2026-03-07 07:45:31.277959,living_room,28.6,45.8,12.3,0
2026-03-07 07:55:31.277959,living_room,27.9,42.4,24.4,0
2026-03-07 08:05:31.277959,living_room,27.2,42.9,20.9,0
2026-03-07 08:15:31.277959,living_room,27.4,42.6,27.1,0
2026-03-07 08:25:31.277959,living_room,27.5,44.3,47.4,0
2026-03-07 08:35:31.277959,living_room,27.6,43.1,19.5,0
2026-03-07 08:45:31.277959,living_room,25.9,41.0,15.8,0
2026-03-07 08:55:31.277959,living_room,27.7,41.4,27.3,0
2026-03-07 09:05:31.277959,living_room,28.2,42.0,9.8,0
2026-03-07 09:15:31.277959,living_room,27.0,43.4,27.0,0
2026-03-07 09:25:31.277959,living_room,27.3,42.5,8.8,0
2026-03-07 09:35:31.277959,living_room,26.2,40.3,50.6,0
2026-03-07 09:45:31.277959,living_room,27.6,44.0,22.9,0
2026-03-07 09:55:31.277959,living_room,26.6,40.9,13.0,0
2026-03-07 10:05:31.277959,living_room,28.0,40.6,15.3,0
2026-03-07 10:15:31.277959,living_room,26.0,43.5,39.3,0
2026-03-07 10:25:31.277959,living_room,26.5,42.2,8.2,0
2026-03-07 10:35:31.277959,living_room,26.1,38.7,76.9,1
2026-03-07 10:45:31.277959,living_room,25.8,39.5,38.5,0
2026-03-07 10:55:31.277959,living_room,26.5,41.0,29.4,0
2026-03-07 11:05:31.277959,living_room,26.8,40.1,25.5,0
2026-03-07 11:15:31.277959,living_room,25.8,37.8,21.6,0
2026-03-07 11:25:31.277959,living_room,26.0,40.4,100.4,1
2026-03-07 11:35:31.277959,living_room,26.0,40.5,9.8,0
2026-03-07 11:45:31.277959,living_room,25.2,37.3,10.0,0
2026-03-07 11:55:31.277959,living_room,26.1,44.2,21.8,0
2026-03-07 12:05:31.277959,living_room,25.5,36.1,12.7,0
2026-03-07 12:15:31.277959,living_room,24.8,42.3,9.9,0
2026-03-07 12:25:31.277959,living_room,25.0,42.1,11.2,0
2026-03-07 12:35:31.277959,living_room,25.4,40.2,18.6,0
2026-03-07 12:45:31.277959,living_room,25.7,41.5,21.9,0
2026-03-07 12:55:31.277959,living_room,24.1,38.7,29.4,0
2026-03-07 13:05:31.277959,living_room,24.3,38.6,41.1,0
2026-03-07 13:15:31.277959,living_room,24.7,43.2,7.8,0
2026-03-07 13:25:31.277959,living_room,24.0,42.9,13.1,0
2026-03-07 13:35:31.277959,living_room,24.4,37.3,0.0,0
2026-03-07 13:45:31.277959,living_room,24.0,39.2,34.0,0
2026-03-07 13:55:31.277959,living_room,24.7,37.3,0.0,0
2026-03-07 14:05:31.277959,living_room,24.0,37.5,43.1,0
2026-03-07 14:15:31.277959,living_room,24.2,40.4,11.8,0
2026-03-07 14:25:31.277959,living_room,24.0,37.8,16.7,0
2026-03-07 14:35:31.277959,living_room,23.3,41.7,19.5,0
2026-03-07 14:45:31.277959,living_room,23.8,41.2,24.5,0
2026-03-07 14:55:31.277959,living_room,24.2,42.9,25.3,0
2026-03-07 15:05:31.277959,living_room,24.1,40.8,18.5,0
2026-03-07 15:15:31.277959,living_room,23.5,37.9,21.4,0
2026-03-07 15:25:31.277959,living_room,23.0,40.7,17.4,0
2026-03-07 15:35:31.277959,living_room,23.3,42.5,26.7,0
2026-03-07 15:45:31.277959,living_room,23.5,38.9,21.6,0
2026-03-07 15:55:31.277959,living_room,22.8,45.6,30.3,0
2026-03-07 16:05:31.277959,living_room,23.5,44.7,21.7,0
2026-03-07 16:15:31.277959,living_room,22.5,41.6,2.9,0
2026-03-07 16:25:31.277959,living_room,23.1,36.6,13.0,0
2026-03-07 16:35:31.277959,living_room,23.0,46.5,29.2,0
2026-03-07 16:45:31.277959,living_room,23.0,42.4,24.7,0
2026-03-07 16:55:31.277959,living_room,22.7,45.4,31.6,0
2026-03-07 17:05:31.277959,living_room,22.4,44.8,18.8,0
2026-03-07 17:15:31.277959,living_room,22.5,41.8,20.4,0
2026-03-07 17:25:31.277959,living_room,22.6,41.1,0.0,0
2026-03-07 17:35:31.277959,living_room,23.0,45.6,21.1,0
2026-03-07 17:45:31.277959,living_room,22.6,46.7,16.7,0
2026-03-07 17:55:31.277959,living_room,22.4,41.5,22.9,0
2026-03-07 18:05:31.277959,living_room,22.0,43.8,20.5,1
2026-03-07 18:15:31.277959,living_room,21.5,43.9,13.4,1
2026-03-07 18:25:31.277959,living_room,20.8,45.9,25.6,0
2026-03-07 18:35:31.277959,living_room,21.0,47.5,32.4,0
2026-03-07 18:45:31.277959,living_room,21.9,45.7,32.2,0
2026-03-07 18:55:31.277959,living_room,22.3,45.5,33.6,0
2026-03-07 19:05:31.277959,living_room,20.8,46.9,145.2,1
2026-03-07 19:15:31.277959,living_room,21.1,43.0,24.3,0
2026-03-07 19:25:31.277959,living_room,20.3,47.0,22.5,1
2026-03-07 19:35:31.277959,living_room,21.6,45.5,26.5,0
2026-03-07 19:45:31.277959,living_room,21.0,47.0,17.8,0
2026-03-07 19:55:31.277959,living_room,21.4,47.5,32.3,0
2026-03-07 20:05:31.277959,living_room,20.7,48.1,13.2,0
2026-03-07 20:15:31.277959,living_room,20.8,45.4,44.9,0
2026-03-07 20:25:31.277959,living_room,20.7,48.8,17.1,0
2026-03-07 20:35:31.277959,living_room,21.0,50.2,0.0,0
2026-03-07 20:45:31.277959,living_room,21.3,43.7,26.5,0
2026-03-07 20:55:31.277959,living_room,20.4,49.5,12.3,0
2026-03-07 21:05:31.277959,living_room,20.8,49.3,13.9,0
2026-03-07 21:15:31.277959,living_room,20.6,47.5,120.2,1
2026-03-07 21:25:31.277959,living_room,21.1,48.1,22.0,0
2026-03-07 21:35:31.277959,living_room,19.9,52.8,17.0,0
2026-03-07 21:45:31.277959,living_room,20.8,43.8,19.3,0
2026-03-07 21:55:31.277959,living_room,20.2,50.7,0.0,0
2026-03-07 22:05:31.277959,living_room,19.9,49.3,20.1,0
2026-03-07 22:15:31.277959,living_room,20.0,51.6,16.1,0
2026-03-07 22:25:31.277959,living_room,21.0,50.1,7.9,0
2026-03-07 22:35:31.277959,living_room,20.4,49.5,30.6,0
2026-03-07 22:45:31.277959,living_room,19.9,49.8,42.8,0
2026-03-07 22:55:31.277959,living_room,19.9,50.1,15.0,0
2026-03-07 23:05:31.277959,living_room,19.7,51.5,9.5,0
2026-03-07 23:15:31.277959,living_room,19.2,54.7,17.5,0
2026-03-07 23:25:31.277959,living_room,19.8,54.2,21.4,0
2026-03-07 23:35:31.277959,living_room,20.1,55.5,21.9,0
2026-03-07 23:45:31.277959,living_room,20.2,52.0,24.5,0
2026-03-07 23:55:31.277959,living_room,19.7,58.5,29.3,0
2026-03-08 00:05:31.277959,living_room,20.0,56.1,18.1,0
2026-03-08 00:15:31.277959,living_room,20.6,58.9,23.6,0
2026-03-08 00:25:31.277959,living_room,20.5,55.8,14.5,0
2026-03-08 00:35:31.277959,living_room,20.0,54.4,9.2,0
2026-03-08 00:45:31.277959,living_room,19.6,54.8,26.2,0
2026-03-08 00:55:31.277959,living_room,19.9,54.2,20.3,0
2026-03-08 01:05:31.277959,living_room,19.8,56.3,121.3,1
2026-03-08 01:15:31.277959,living_room,20.3,55.6,19.6,0
2026-03-08 01:25:31.277959,living_room,20.5,54.5,28.3,0
2026-03-08 01:35:31.277959,living_room,20.1,55.3,29.3,0
2026-03-08 01:45:31.277959,living_room,20.0,56.6,100.8,1
2026-03-08 01:55:31.277959,living_room,19.5,57.9,2.0,0
2026-03-08 02:05:31.277959,living_room,20.0,56.6,12.5,0
2026-03-08 02:15:31.277959,living_room,19.9,57.7,28.8,0
2026-03-08 02:25:31.277959,living_room,19.5,58.1,11.0,0
2026-03-08 02:35:31.277959,living_room,19.7,61.5,37.4,0
2026-03-08 02:45:31.277959,living_room,20.3,57.7,22.1,0
2026-03-08 02:55:31.277959,living_room,19.9,60.9,14.3,0
2026-03-08 03:05:31.277959,living_room,21.3,60.8,28.0,0
2026-03-08 03:15:31.277959,living_room,20.8,63.0,24.4,0
2026-03-08 03:25:31.277959,living_room,19.3,62.2,137.1,1
2026-03-08 03:35:31.277959,living_room,19.6,61.0,32.6,0
2026-03-08 03:45:31.277959,living_room,19.9,61.5,32.1,0
2026-03-08 03:55:31.277959,living_room,21.1,58.2,15.0,0
2026-03-08 04:05:31.277959,living_room,21.2,61.1,40.5,0
2026-03-08 04:15:31.277959,living_room,20.7,63.1,16.0,0
2026-03-08 04:25:31.277959,living_room,21.1,64.3,35.3,0
2026-03-08 04:35:31.277959,living_room,20.8,60.6,13.1,0
2026-03-08 04:45:31.277959,living_room,21.2,64.3,16.1,0
2026-03-08 04:55:31.277959,living_room,20.9,59.8,19.1,0
2026-03-08 05:05:31.277959,living_room,20.7,63.8,24.3,0
2026-03-08 05:15:31.277959,living_room,20.7,62.0,11.2,0
2026-03-08 05:25:31.277959,living_room,21.5,65.0,24.2,0
2026-03-08 05:35:31.277959,living_room,21.3,64.0,20.7,0
2026-03-08 05:45:31.277959,living_room,21.5,62.1,28.0,0
2026-03-08 05:55:31.277959,living_room,21.1,62.6,82.0,1
2026-03-08 06:05:31.277959,living_room,21.6,62.7,23.8,0
2026-03-08 06:15:31.277959,living_room,21.7,64.2,40.6,0
2026-03-08 06:25:31.277959,living_room,21.4,65.3,15.9,0
2026-03-08 06:35:31.277959,living_room,21.7,63.2,15.7,0
2026-03-08 06:45:31.277959,living_room,21.1,65.1,35.8,0
2026-03-08 06:55:31.277959,living_room,22.0,67.0,26.3,0
2026-03-08 07:05:31.277959,living_room,22.1,67.7,25.4,0
2026-03-08 07:15:31.277959,living_room,21.6,68.2,22.2,0
2026-03-08 07:25:31.277959,living_room,22.0,66.4,11.5,0
2026-03-08 07:35:31.277959,living_room,22.7,67.2,8.4,0
2026-03-08 07:45:31.277959,living_room,22.7,67.7,22.3,0
2026-03-08 07:55:31.277959,living_room,21.9,66.5,19.0,0
2026-03-08 08:05:31.277959,living_room,21.4,72.4,23.2,0
2026-03-08 08:15:31.277959,living_room,21.9,68.0,22.0,0
2026-03-08 08:25:31.277959,living_room,22.4,67.2,13.8,0
2026-03-08 08:35:31.277959,living_room,22.9,64.6,20.8,0
2026-03-08 08:45:31.277959,living_room,22.5,71.0,26.2,0
2026-03-08 08:55:31.277959,living_room,23.1,70.1,22.5,0
2026-03-08 09:05:31.277959,living_room,23.1,70.1,15.6,0
2026-03-08 09:15:31.277959,living_room,21.9,68.9,18.6,0
2026-03-08 09:25:31.277959,living_room,23.0,67.3,18.7,0
2026-03-08 09:35:31.277959,living_room,22.9,67.9,6.1,0
2026-03-08 09:45:31.277959,living_room,22.8,69.4,15.2,0
2026-03-08 09:55:31.277959,living_room,23.6,69.0,28.8,0
2026-03-08 10:05:31.277959,living_room,23.5,70.7,30.2,0
2026-03-08 10:15:31.277959,living_room,23.3,71.3,13.7,0
2026-03-08 10:25:31.277959,living_room,24.5,69.3,9.2,0
2026-03-08 10:35:31.277959,living_room,23.0,68.9,27.6,0
2026-03-08 10:45:31.277959,living_room,23.9,67.0,17.6,0
2026-03-08 10:55:31.277959,living_room,23.5,67.0,28.8,0
2026-03-08 11:05:31.277959,living_room,23.9,70.2,26.5,0
2026-03-08 11:15:31.277959,living_room,24.6,69.2,31.6,0
2026-03-08 11:25:31.277959,living_room,24.0,69.7,24.0,0
2026-03-08 11:35:31.277959,living_room,23.6,71.5,40.6,0
2026-03-08 11:45:31.277959,living_room,25.3,69.3,25.1,0
2026-03-08 11:55:31.277959,living_room,24.4,71.1,4.3,0
2026-03-08 12:05:31.277959,living_room,24.7,71.0,46.5,0
2026-03-08 12:15:31.277959,living_room,24.3,71.6,23.8,0
2026-03-08 12:25:31.277959,living_room,25.3,68.3,29.2,0
2026-03-08 12:35:31.277959,living_room,24.8,69.1,29.4,0
2026-03-08 12:45:31.277959,living_room,25.8,74.8,15.6,0
2026-03-08 12:55:31.277959,living_room,25.5,71.1,5.6,0
2026-03-08 13:05:31.277959,living_room,24.8,66.4,18.4,0
2026-03-08 13:15:31.277959,living_room,25.3,67.3,33.6,0
2026-03-08 13:25:31.277959,living_room,25.7,66.3,9.7,0
2026-03-08 13:35:31.277959,living_room,26.4,68.2,25.4,0
2026-03-08 13:45:31.277959,living_room,25.7,71.4,19.5,0
2026-03-08 13:55:31.277959,living_room,25.2,71.7,113.4,1
2026-03-08 14:05:31.277959,living_room,25.9,75.8,23.1,0
2026-03-08 14:15:31.277959,living_room,26.1,70.0,31.7,0
2026-03-08 14:25:31.277959,living_room,26.4,65.5,22.0,0
2026-03-08 14:35:31.277959,living_room,26.2,69.7,30.4,0
2026-03-08 14:45:31.277959,living_room,25.6,71.8,21.7,0
2026-03-08 14:55:31.277959,living_room,26.7,68.7,16.1,0
2026-03-08 15:05:31.277959,living_room,26.5,68.3,4.7,0
2026-03-08 15:15:31.277959,living_room,25.7,68.5,18.7,0
2026-03-08 15:25:31.277959,living_room,25.9,69.1,4.5,0
2026-03-08 15:35:31.277959,living_room,27.6,71.1,34.9,0
2026-03-08 15:45:31.277959,living_room,27.4,68.4,97.5,1
2026-03-08 15:55:31.277959,living_room,26.7,69.9,27.3,0
2026-03-08 16:05:31.277959,living_room,27.3,68.4,6.4,0
2026-03-08 16:15:31.277959,living_room,27.1,70.6,7.2,0
2026-03-08 16:25:31.277959,living_room,28.0,67.0,17.7,0
2026-03-08 16:35:31.277959,living_room,28.2,66.9,14.6,0
2026-03-08 16:45:31.277959,living_room,28.1,70.2,26.3,0
2026-03-08 16:55:31.277959,living_room,27.7,63.6,14.9,0
2026-03-08 17:05:31.277959,living_room,27.4,66.8,2.6,0
2026-03-08 17:15:31.277959,living_room,27.9,67.1,89.9,1
2026-03-08 17:25:31.277959,living_room,28.5,68.6,14.3,0
2026-03-08 17:35:31.277959,living_room,29.0,65.2,2.6,0
2026-03-08 17:45:31.277959,living_room,27.7,69.0,10.0,0
2026-03-08 17:55:31.277959,living_room,28.3,64.3,120.1,1
2026-03-08 18:05:31.277959,living_room,28.3,65.9,33.2,1
2026-03-08 18:15:31.277959,living_room,27.4,64.5,16.8,1
2026-03-08 18:25:31.277959,living_room,28.0,65.6,22.3,1
2026-03-08 18:35:31.277959,living_room,28.6,66.5,23.8,0
2026-03-08 18:45:31.277959,living_room,29.2,65.1,0.0,0
2026-03-08 18:55:31.277959,living_room,28.4,64.9,9.1,0
2026-03-08 19:05:31.277959,living_room,27.3,64.9,16.3,1
2026-03-08 19:15:31.277959,living_room,28.7,63.8,22.6,1
2026-03-08 19:25:31.277959,living_room,28.9,62.9,21.6,1
2026-03-08 19:35:31.277959,living_room,29.5,63.9,4.7,0
2026-03-08 19:45:31.277959,living_room,29.6,63.0,0.0,0
2026-03-08 19:55:31.277959,living_room,28.5,66.2,24.7,0
2026-03-08 20:05:31.277959,living_room,29.3,60.5,22.4,0
2026-03-08 20:15:31.277959,living_room,29.4,60.4,24.9,0
2026-03-08 20:25:31.277959,living_room,29.7,60.6,23.1,0
2026-03-08 20:35:31.277959,living_room,30.1,61.7,29.6,0
2026-03-08 20:45:31.277959,living_room,29.0,61.7,28.4,0
2026-03-08 20:55:31.277959,living_room,29.5,59.5,11.9,0
2026-03-08 21:05:31.277959,living_room,29.5,60.5,19.7,0
2026-03-08 21:15:31.277959,living_room,29.9,59.9,29.3,0
2026-03-08 21:25:31.277959,living_room,29.9,61.3,29.3,0
2026-03-08 21:35:31.277959,living_room,28.9,61.9,16.4,0
2026-03-08 21:45:31.277959,living_room,29.9,58.8,19.5,0
2026-03-08 21:55:31.277959,living_room,29.8,61.4,3.9,0
2026-03-08 22:05:31.277959,living_room,29.7,62.2,2.6,0
2026-03-08 22:15:31.277959,living_room,29.5,57.7,28.0,0
2026-03-08 22:25:31.277959,living_room,30.4,59.6,33.5,0
2026-03-08 22:35:31.277959,living_room,29.7,60.6,24.7,0
2026-03-08 22:45:31.277959,living_room,29.2,59.0,0.0,0
2026-03-08 22:55:31.277959,living_room,30.0,58.9,7.4,0
2026-03-08 23:05:31.277959,living_room,29.1,59.3,26.0,0
2026-03-08 23:15:31.277959,living_room,30.6,57.3,15.3,0
2026-03-08 23:25:31.277959,living_room,29.6,59.2,18.1,0
2026-03-08 23:35:31.277959,living_room,30.2,57.8,20.8,0
2026-03-08 23:45:31.277959,living_room,29.8,54.9,19.7,0
2026-03-08 23:55:31.277959,living_room,30.5,55.9,105.3,1
2026-03-09 00:05:31.277959,living_room,29.9,53.8,19.3,0
2026-03-09 00:15:31.277959,living_room,30.2,53.0,18.9,0
2026-03-09 00:25:31.277959,living_room,30.4,52.3,10.2,0
2026-03-09 00:35:31.277959,living_room,30.1,60.5,15.2,0
2026-03-09 00:45:31.277959,living_room,28.8,55.3,25.4,0
2026-03-09 00:55:31.277959,living_room,30.0,56.7,24.4,0
2026-03-09 01:05:31.277959,living_room,30.3,58.1,3.8,0
2026-03-09 01:15:31.277959,living_room,29.5,53.3,17.3,0
2026-03-09 01:25:31.277959,living_room,30.6,51.9,12.7,0
2026-03-09 01:35:31.277959,living_room,29.6,53.6,16.7,0
2026-03-09 01:45:31.277959,living_room,29.4,50.0,9.5,0
2026-03-09 01:55:31.277959,living_room,30.4,54.3,23.5,0
2026-03-09 02:05:31.277959,living_room,30.2,51.1,18.6,0
2026-03-09 02:15:31.277959,living_room,30.1,53.9,7.6,0
2026-03-09 02:25:31.277959,living_room,30.3,53.4,0.4,0
2026-03-09 02:35:31.277959,living_room,29.4,50.0,48.6,0
2026-03-09 02:45:31.277959,living_room,29.8,47.5,22.2,0
2026-03-09 02:55:31.277959,living_room,29.3,48.0,16.1,0
2026-03-09 03:05:31.277959,living_room,29.8,44.4,6.8,0
2026-03-09 03:15:31.277959,living_room,29.9,49.4,28.7,0
2026-03-09 03:25:31.277959,living_room,29.9,48.0,35.3,0
2026-03-09 03:35:31.277959,living_room,30.1,49.5,29.7,0
2026-03-09 03:45:31.277959,living_room,30.1,47.9,9.0,0
2026-03-09 03:55:31.277959,living_room,28.8,50.7,38.1,0
2026-03-09 04:05:31.277959,living_room,29.6,47.1,13.2,0
2026-03-09 04:15:31.277959,living_room,29.4,47.2,34.8,0
2026-03-09 04:25:31.277959,living_room,29.8,49.7,28.8,0
2026-03-09 04:35:31.277959,living_room,28.7,44.6,35.6,0
2026-03-09 04:45:31.277959,living_room,29.4,47.0,22.3,0
2026-03-09 04:55:31.277959,living_room,29.7,44.8,7.2,0
2026-03-09 05:05:31.277959,living_room,29.8,53.1,19.7,0
2026-03-09 05:15:31.277959,living_room,29.1,46.9,14.7,0
2026-03-09 05:25:31.277959,living_room,29.4,45.1,18.2,0
2026-03-09 05:35:31.277959,living_room,28.7,43.5,23.5,0
2026-03-09 05:45:31.277959,living_room,29.7,44.2,30.2,0
2026-03-09 05:55:31.277959,living_room,29.3,46.1,1.5,0
2026-03-09 06:05:31.277959,living_room,28.4,44.7,6.8,0
2026-03-09 06:15:31.277959,living_room,28.4,43.7,34.5,0
2026-03-09 06:25:31.277959,living_room,28.3,40.8,12.7,0
2026-03-09 06:35:31.277959,living_room,28.8,43.6,16.1,0
2026-03-09 06:45:31.277959,living_room,28.5,43.1,27.9,0
2026-03-09 06:55:31.277959,living_room,28.3,44.1,23.0,0
2026-03-09 07:05:31.277959,living_room,27.8,44.7,33.0,0
2026-03-09 07:15:31.277959,living_room,27.9,46.8,14.1,0
2026-03-09 07:25:31.277959,living_room,27.9,42.6,19.2,0
2026-03-09 07:35:31.277959,living_room,28.0,43.8,21.0,0
2026-03-09 07:45:31.277959,living_room,28.3,42.8,3.9,0
2026-03-09 07:55:31.277959,living_room,28.0,41.4,18.6,0
2026-03-09 08:05:31.277959,living_room,26.5,42.8,8.8,0
2026-03-09 08:15:31.277959,living_room,27.4,41.1,21.6,0
2026-03-09 08:25:31.277959,living_room,28.8,39.6,25.7,0
2026-03-09 08:35:31.277959,living_room,27.8,42.9,28.6,0
2026-03-09 08:45:31.277959,living_room,28.5,42.8,21.5,0
2026-03-09 08:55:31.277959,living_room,26.7,41.5,22.0,0
2026-03-09 09:05:31.277959,living_room,26.8,39.9,29.8,0
2026-03-09 09:15:31.277959,living_room,27.5,44.9,28.3,0
2026-03-09 09:25:31.277959,living_room,26.5,43.1,7.3,0
2026-03-09 09:35:31.277959,living_room,27.3,39.2,17.8,0
2026-03-09 09:45:31.277959,living_room,25.9,39.6,24.0,0
2026-03-09 09:55:31.277959,living_room,26.8,37.3,17.1,0
2026-03-09 10:05:31.277959,living_room,26.4,40.6,24.1,0
2026-03-09 10:15:31.277959,living_room,26.4,39.8,5.5,0
2026-03-09 10:25:31.277959,living_room,25.7,39.8,29.1,0
2026-03-09 10:35:31.277959,living_room,27.0,38.6,28.3,0
2026-03-09 10:45:31.277959,living_room,26.2,39.8,17.0,0
2026-03-09 10:55:31.277959,living_room,26.3,44.2,31.4,0
2026-03-09 11:05:31.277959,living_room,26.5,38.6,33.4,0
2026-03-09 11:15:31.277959,living_room,25.8,38.4,44.4,0
2026-03-09 11:25:31.277959,living_room,26.1,43.0,33.7,0
2026-03-09 11:35:31.277959,living_room,25.4,41.5,22.6,0
2026-03-09 11:45:31.277959,living_room,25.7,40.5,29.8,0
2026-03-09 11:55:31.277959,living_room,25.6,39.5,25.9,0
2026-03-09 12:05:31.277959,living_room,25.7,39.2,16.0,0
2026-03-09 12:15:31.277959,living_room,25.3,37.8,72.8,0
2026-03-09 12:25:31.277959,living_room,25.4,39.7,35.8,0
2026-03-09 12:35:31.277959,living_room,25.0,41.3,25.9,0
2026-03-09 12:45:31.277959,living_room,26.1,38.1,13.6,0
2026-03-09 12:55:31.277959,living_room,25.0,37.2,21.8,0
2026-03-09 13:05:31.277959,living_room,24.5,40.8,1.3,0
2026-03-09 13:15:31.277959,living_room,24.8,39.2,4.0,0
2026-03-09 13:25:31.277959,living_room,24.5,37.3,28.0,0
2026-03-09 13:35:31.277959,living_room,23.1,40.8,21.0,0
2026-03-09 13:45:31.277959,living_room,23.8,43.3,29.1,0
2026-03-09 13:55:31.277959,living_room,24.7,42.5,8.4,0
2026-03-09 14:05:31.277959,living_room,24.4,40.8,15.6,0
2026-03-09 14:15:31.277959,living_room,24.1,41.4,16.1,0
2026-03-09 14:25:31.277959,living_room,23.7,37.5,31.8,0
2026-03-09 14:35:31.277959,living_room,22.9,39.2,16.4,0
2026-03-09 14:45:31.277959,living_room,23.1,39.6,34.2,0
2026-03-09 14:55:31.277959,living_room,23.2,44.8,15.9,0
2026-03-09 15:05:31.277959,living_room,23.4,40.5,39.4,0
2026-03-09 15:15:31.277959,living_room,23.1,42.5,14.9,0
2026-03-09 15:25:31.277959,living_room,23.8,41.2,20.5,0
2026-03-09 15:35:31.277959,living_room,23.7,40.9,7.6,0
2026-03-09 15:45:31.277959,living_room,22.8,39.9,55.6,0
2026-03-09 15:55:31.277959,living_room,22.8,44.8,19.9,0
2026-03-09 16:05:31.277959,living_room,22.9,43.1,28.9,0
2026-03-09 16:15:31.277959,living_room,23.4,37.7,20.5,0
2026-03-09 16:25:31.277959,living_room,22.5,44.3,21.0,0
2026-03-09 16:35:31.277959,living_room,22.3,43.4,24.9,0
2026-03-09 16:45:31.277959,living_room,21.9,40.9,17.0,0
2026-03-09 16:55:31.277959,living_room,22.0,43.8,19.1,0
2026-03-09 17:05:31.277959,living_room,22.2,43.3,28.9,0
2026-03-09 17:15:31.277959,living_room,22.3,43.9,21.3,0
2026-03-09 17:25:31.277959,living_room,22.0,42.9,15.3,0
2026-03-09 17:35:31.277959,living_room,22.3,43.9,22.9,0
2026-03-09 17:45:31.277959,living_room,21.4,46.4,29.8,0
2026-03-09 17:55:31.277959,living_room,21.7,45.9,16.6,0
2026-03-09 18:05:31.277959,living_room,21.6,42.2,13.7,1
2026-03-09 18:15:31.277959,living_room,21.8,45.4,8.0,1
2026-03-09 18:25:31.277959,living_room,21.2,44.2,15.7,1
2026-03-09 18:35:31.277959,living_room,20.9,46.4,28.6,0
2026-03-09 18:45:31.277959,living_room,22.0,43.0,40.0,0
2026-03-09 18:55:31.277959,living_room,20.0,39.7,19.3,0
2026-03-09 19:05:31.277959,living_room,22.3,45.0,11.8,0
2026-03-09 19:15:31.277959,living_room,20.9,47.7,9.3,1
2026-03-09 19:25:31.277959,living_room,20.7,45.6,15.9,1
2026-03-09 19:35:31.277959,living_room,21.6,42.8,19.5,0
2026-03-09 19:45:31.277959,living_room,21.4,49.6,17.4,0
2026-03-09 19:55:31.277959,living_room,21.3,48.9,17.7,0
2026-03-09 20:05:31.277959,living_room,20.8,46.5,14.1,0
2026-03-09 20:15:31.277959,living_room,20.7,43.7,19.3,0
2026-03-09 20:25:31.277959,living_room,20.2,46.4,18.6,0
2026-03-09 20:35:31.277959,living_room,21.6,48.4,18.8,0
2026-03-09 20:45:31.277959,living_room,20.6,47.8,18.4,0
2026-03-09 20:55:31.277959,living_room,20.6,47.7,15.6,0
2026-03-09 21:05:31.277959,living_room,20.4,50.3,1.1,0
2026-03-09 21:15:31.277959,living_room,20.4,46.7,30.3,0
2026-03-09 21:25:31.277959,living_room,20.1,51.9,29.7,0
2026-03-09 21:35:31.277959,living_room,20.6,49.6,27.8,0
2026-03-09 21:45:31.277959,living_room,20.3,48.8,51.8,0
2026-03-09 21:55:31.277959,living_room,20.0,50.8,19.8,0
2026-03-09 22:05:31.277959,living_room,20.4,53.0,11.7,0
2026-03-09 22:15:31.277959,living_room,20.7,52.1,26.3,0
2026-03-09 22:25:31.277959,living_room,19.8,47.4,12.2,0
2026-03-09 22:35:31.277959,living_room,20.1,51.2,5.1,0
2026-03-09 22:45:31.277959,living_room,20.5,51.2,19.0,0
2026-03-09 22:55:31.277959,living_room,20.4,52.2,12.2,0
2026-03-09 23:05:31.277959,living_room,21.1,57.6,34.1,0
2026-03-09 23:15:31.277959,living_room,20.2,49.9,19.0,0
2026-03-09 23:25:31.277959,living_room,20.0,53.2,111.7,1
2026-03-09 23:35:31.277959,living_room,20.7,52.6,9.3,0
2026-03-09 23:45:31.277959,living_room,20.1,55.9,26.0,0
2026-03-09 23:55:31.277959,living_room,19.1,56.6,23.2,0
2026-03-10 00:05:31.277959,living_room,20.2,54.9,24.0,0
2026-03-10 00:15:31.277959,living_room,20.0,53.3,13.3,0
2026-03-10 00:25:31.277959,living_room,20.4,52.5,26.0,0
2026-03-10 00:35:31.277959,living_room,20.4,57.8,37.5,0
2026-03-10 00:45:31.277959,living_room,19.7,50.5,102.9,1
2026-03-10 00:55:31.277959,living_room,19.7,58.6,7.4,0
2026-03-10 01:05:31.277959,living_room,20.6,54.6,30.1,0
2026-03-10 01:15:31.277959,living_room,20.2,56.1,5.3,0
2026-03-10 01:25:31.277959,living_room,20.3,55.7,23.5,0
2026-03-10 01:35:31.277959,living_room,19.6,52.8,29.6,0
2026-03-10 01:45:31.277959,living_room,20.9,60.8,17.0,0
2026-03-10 01:55:31.277959,living_room,20.4,53.1,0.0,0
2026-03-10 02:05:31.277959,living_room,20.0,54.3,21.6,0
2026-03-10 02:15:31.277959,living_room,20.9,57.2,12.4,0
2026-03-10 02:25:31.277959,living_room,20.7,56.7,10.6,0
2026-03-10 02:35:31.277959,living_room,20.3,57.3,79.3,1
2026-03-10 02:45:31.277959,living_room,20.0,57.6,11.5,0
2026-03-10 02:55:31.277959,living_room,20.5,62.3,11.6,0
2026-03-10 03:05:31.277959,living_room,21.4,61.1,21.7,0
2026-03-10 03:15:31.277959,living_room,20.0,58.2,13.1,0
2026-03-10 03:25:31.277959,living_room,20.5,62.8,0.0,0
2026-03-10 03:35:31.277959,living_room,20.8,58.6,0.0,0
2026-03-10 03:45:31.277959,living_room,20.0,61.2,18.0,0
2026-03-10 03:55:31.277959,living_room,21.4,61.9,6.4,0
2026-03-10 04:05:31.277959,living_room,20.7,60.9,86.7,1
2026-03-10 04:15:31.277959,living_room,19.5,61.1,46.1,0
2026-03-10 04:25:31.277959,living_room,20.4,63.6,29.0,0
2026-03-10 04:35:31.277959,living_room,20.9,60.5,21.8,0
2026-03-10 04:45:31.277959,living_room,20.0,64.0,26.1,0
2026-03-10 04:55:31.277959,living_room,21.5,64.2,19.1,0
2026-03-10 05:05:31.277959,living_room,20.1,60.4,17.3,0
2026-03-10 05:15:31.277959,living_room,20.7,62.5,30.7,0
2026-03-10 05:25:31.277959,living_room,21.0,61.2,21.0,0
2026-03-10 05:35:31.277959,living_room,20.7,65.3,0.0,0
2026-03-10 05:45:31.277959,living_room,20.8,65.6,15.5,0
2026-03-10 05:55:31.277959,living_room,20.0,67.4,27.2,0
2026-03-10 06:05:31.277959,living_room,21.7,65.4,20.4,0
2026-03-10 06:15:31.277959,living_room,21.3,65.2,31.9,0
2026-03-10 06:25:31.277959,living_room,21.3,65.9,73.2,1
2026-03-10 06:35:31.277959,living_room,21.3,64.5,23.3,0
2026-03-10 06:45:31.277959,living_room,22.0,65.8,25.1,0
2026-03-10 06:55:31.277959,living_room,22.1,69.4,19.9,0
2026-03-10 07:05:31.277959,living_room,22.0,66.4,15.9,0
2026-03-10 07:15:31.277959,living_room,22.6,66.8,26.1,0
2026-03-10 07:25:31.277959,living_room,22.3,68.1,17.9,0
2026-03-10 07:35:31.277959,living_room,21.6,65.3,10.3,0
2026-03-10 07:45:31.277959,living_room,22.8,68.9,15.1,0
2026-03-10 07:55:31.277959,living_room,22.3,68.4,29.7,0
2026-03-10 08:05:31.277959,living_room,21.6,68.1,14.1,0
2026-03-10 08:15:31.277959,living_room,22.4,67.7,34.3,0
2026-03-10 08:25:31.277959,living_room,21.9,67.5,5.5,0
2026-03-10 08:35:31.277959,living_room,22.5,71.2,15.1,0
2026-03-10 08:45:31.277959,living_room,22.1,68.0,19.6,0
2026-03-10 08:55:31.277959,living_room,22.3,66.5,0.0,0
2026-03-10 09:05:31.277959,living_room,22.6,69.4,17.0,0
2026-03-10 09:15:31.277959,living_room,23.2,71.4,28.1,0
2026-03-10 09:25:31.277959,living_room,22.9,67.4,24.5,0
2026-03-10 09:35:31.277959,living_room,23.0,68.1,17.2,0
2026-03-10 09:45:31.277959,living_room,22.2,69.5,14.5,0
2026-03-10 09:55:31.277959,living_room,23.3,69.6,18.2,0
2026-03-10 10:05:31.277959,living_room,22.6,69.0,17.0,0
2026-03-10 10:15:31.277959,living_room,23.0,67.9,15.6,0
2026-03-10 10:25:31.277959,living_room,23.8,71.4,18.8,0
2026-03-10 10:35:31.277959,living_room,23.9,68.5,13.8,0
2026-03-10 10:45:31.277959,living_room,22.8,72.7,73.9,1
2026-03-10 10:55:31.277959,living_room,24.8,71.8,27.8,0
2026-03-10 11:05:31.277959,living_room,24.7,72.5,34.0,0
2026-03-10 11:15:31.277959,living_room,24.1,70.3,29.1,0
2026-03-10 11:25:31.277959,living_room,25.3,74.4,8.9,0
2026-03-10 11:35:31.277959,living_room,24.3,69.3,20.4,0
2026-03-10 11:45:31.277959,living_room,24.0,72.3,32.7,0
2026-03-10 11:55:31.277959,living_room,23.7,67.8,0.0,0
2026-03-10 12:05:31.277959,living_room,24.7,68.2,10.4,0
2026-03-10 12:15:31.277959,living_room,24.3,74.2,22.9,0
2026-03-10 12:25:31.277959,living_room,24.7,70.3,83.8,0
2026-03-10 12:35:31.277959,living_room,25.5,71.0,14.0,0
2026-03-10 12:45:31.277959,living_room,25.8,71.2,3.5,0
2026-03-10 12:55:31.277959,living_room,25.4,69.9,10.2,0
2026-03-10 13:05:31.277959,living_room,25.2,70.2,7.6,0
2026-03-10 13:15:31.277959,living_room,24.7,74.8,26.8,0
2026-03-10 13:25:31.277959,living_room,26.8,69.3,33.1,0
2026-03-10 13:35:31.277959,living_room,26.4,68.6,15.9,0
2026-03-10 13:45:31.277959,living_room,25.9,72.3,24.7,0
2026-03-10 13:55:31.277959,living_room,25.8,71.2,24.3,0
2026-03-10 14:05:31.277959,living_room,25.3,66.2,26.1,0
2026-03-10 14:15:31.277959,living_room,25.8,67.7,108.9,1
2026-03-10 14:25:31.277959,living_room,25.6,70.4,23.6,0
2026-03-10 14:35:31.277959,living_room,26.4,63.9,24.9,0
2026-03-10 14:45:31.277959,living_room,26.4,73.2,21.9,0
2026-03-10 14:55:31.277959,living_room,26.6,69.0,17.0,0
2026-03-10 15:05:31.277959,living_room,27.0,70.8,30.7,0
2026-03-10 15:15:31.277959,living_room,27.0,69.5,21.7,0
2026-03-10 15:25:31.277959,living_room,26.7,72.3,26.4,0
2026-03-10 15:35:31.277959,living_room,27.7,72.8,13.3,0
2026-03-10 15:45:31.277959,living_room,27.3,65.1,19.0,0
2026-03-10 15:55:31.277959,living_room,27.6,69.4,19.2,0
2026-03-10 16:05:31.277959,living_room,27.4,64.1,87.9,1
2026-03-10 16:15:31.277959,living_room,27.6,68.7,28.3,0
2026-03-10 16:25:31.277959,living_room,27.8,70.5,26.7,0
2026-03-10 16:35:31.277959,living_room,27.9,66.6,20.5,0
2026-03-10 16:45:31.277959,living_room,28.2,65.5,119.6,1
2026-03-10 16:55:31.277959,living_room,27.6,68.0,25.5,0
2026-03-10 17:05:31.277959,living_room,27.0,68.7,28.2,0
2026-03-10 17:15:31.277959,living_room,27.0,66.4,27.8,0
2026-03-10 17:25:31.277959,living_room,28.1,69.8,28.8,0
2026-03-10 17:35:31.277959,living_room,28.5,65.8,23.2,0
2026-03-10 17:45:31.277959,living_room,28.2,67.4,23.9,0
2026-03-10 17:55:31.277959,living_room,28.4,63.3,11.2,0
2026-03-10 18:05:31.277959,living_room,28.1,65.7,93.3,1
2026-03-10 18:15:31.277959,living_room,28.0,68.3,7.5,1
2026-03-10 18:25:31.277959,living_room,29.0,64.6,32.0,1
2026-03-10 18:35:31.277959,living_room,28.3,66.0,25.1,0
2026-03-10 18:45:31.277959,living_room,29.1,66.4,2.3,0
2026-03-10 18:55:31.277959,living_room,28.6,63.9,20.2,0
2026-03-10 19:05:31.277959,living_room,28.3,65.3,32.7,1
2026-03-10 19:15:31.277959,living_room,28.1,66.3,16.6,0
2026-03-10 19:25:31.277959,living_room,28.8,69.6,13.7,1
2026-03-10 19:35:31.277959,living_room,29.0,66.9,11.3,0
2026-03-10 19:45:31.277959,living_room,29.6,62.7,30.1,0
2026-03-10 19:55:31.277959,living_room,28.4,60.6,40.1,0
2026-03-10 20:05:31.277959,living_room,29.6,61.4,19.9,0
2026-03-10 20:15:31.277959,living_room,30.2,64.0,28.0,0
2026-03-10 20:25:31.277959,living_room,29.7,60.8,23.2,0
2026-03-10 20:35:31.277959,living_room,29.6,60.1,8.8,0
2026-03-10 20:45:31.277959,living_room,28.4,58.1,17.8,0
2026-03-10 20:55:31.277959,living_room,29.4,63.0,24.6,0
2026-03-10 21:05:31.277959,living_room,29.4,65.0,15.2,0
2026-03-10 21:15:31.277959,living_room,29.2,59.3,20.7,0
2026-03-10 21:25:31.277959,living_room,29.6,59.6,38.0,0
2026-03-10 21:35:31.277959,living_room,28.5,60.0,16.0,0
2026-03-10 21:45:31.277959,living_room,30.3,60.1,26.7,0
2026-03-10 21:55:31.277959,living_room,30.0,60.5,37.1,0
2026-03-10 22:05:31.277959,living_room,29.3,60.0,13.9,0
2026-03-10 22:15:31.277959,living_room,29.0,59.0,20.6,0
2026-03-10 22:25:31.277959,living_room,29.2,60.8,7.9,0
2026-03-10 22:35:31.277959,living_room,29.8,58.6,27.4,0
2026-03-10 22:45:31.277959,living_room,29.2,61.4,16.9,0
2026-03-10 22:55:31.277959,living_room,29.8,59.6,17.7,0
2026-03-10 23:05:31.277959,living_room,31.0,56.3,24.3,0
2026-03-10 23:15:31.277959,living_room,30.3,57.4,10.0,0
2026-03-10 23:25:31.277959,living_room,29.2,61.0,23.8,0
2026-03-10 23:35:31.277959,living_room,30.2,56.4,30.6,0
2026-03-10 23:45:31.277959,living_room,30.3,56.7,6.2,0
2026-03-10 23:55:31.277959,living_room,30.0,56.2,103.4,1
2026-03-11 00:05:31.277959,living_room,29.8,52.5,14.4,0
2026-03-11 00:15:31.277959,living_room,30.6,53.6,16.4,0
2026-03-11 00:25:31.277959,living_room,29.3,54.4,37.8,0
2026-03-11 00:35:31.277959,living_room,30.2,53.1,5.7,0
2026-03-11 00:45:31.277959,living_room,30.0,54.1,17.7,0
2026-03-11 00:55:31.277959,living_room,30.2,55.0,10.2,0
2026-03-11 01:05:31.277959,living_room,29.8,56.8,30.6,0
2026-03-11 01:15:31.277959,living_room,29.9,53.8,17.1,0
2026-03-11 01:25:31.277959,living_room,30.6,51.2,22.1,0
2026-03-11 01:35:31.277959,living_room,30.2,54.2,21.3,0
2026-03-11 01:45:31.277959,living_room,29.8,51.3,33.2,0
2026-03-11 01:55:31.277959,living_room,30.7,54.0,29.3,0
2026-03-11 02:05:31.277959,living_room,30.5,50.3,21.8,0
2026-03-11 02:15:31.277959,living_room,30.0,51.2,126.9,1
2026-03-11 02:25:31.277959,living_room,30.0,51.2,21.3,0
2026-03-11 02:35:31.277959,living_room,29.3,49.2,21.7,0
2026-03-11 02:45:31.277959,living_room,30.5,52.6,41.0,0
2026-03-11 02:55:31.277959,living_room,30.3,52.5,24.1,0
2026-03-11 03:05:31.277959,living_room,29.9,50.8,23.9,0
2026-03-11 03:15:31.277959,living_room,29.7,48.8,10.3,0
2026-03-11 03:25:31.277959,living_room,29.1,48.2,4.5,0
2026-03-11 03:35:31.277959,living_room,29.2,47.4,2.9,0
2026-03-11 03:45:31.277959,living_room,29.5,49.0,19.6,0
2026-03-11 03:55:31.277959,living_room,30.3,48.5,0.0,0
2026-03-11 04:05:31.277959,living_room,29.6,49.8,11.0,0
2026-03-11 04:15:31.277959,living_room,29.6,47.8,16.3,0
2026-03-11 04:25:31.277959,living_room,30.4,50.1,36.3,0
2026-03-11 04:35:31.277959,living_room,28.3,45.0,21.1,0
2026-03-11 04:45:31.277959,living_room,29.1,50.2,6.6,0
2026-03-11 04:55:31.277959,living_room,29.3,47.1,9.8,0
2026-03-11 05:05:31.277959,living_room,29.2,43.3,28.0,0
2026-03-11 05:15:31.277959,living_room,29.0,47.5,6.8,0
2026-03-11 05:25:31.277959,living_room,29.7,48.0,25.9,0
2026-03-11 05:35:31.277959,living_room,27.9,45.3,15.1,0
2026-03-11 05:45:31.277959,living_room,28.9,46.4,23.9,0
2026-03-11 05:55:31.277959,living_room,29.3,44.8,10.1,0
2026-03-11 06:05:31.277959,living_room,28.2,48.2,22.2,0
2026-03-11 06:15:31.277959,living_room,28.8,45.3,12.8,0
2026-03-11 06:25:31.277959,living_room,28.8,42.1,43.7,0
2026-03-11 06:35:31.277959,living_room,28.4,45.4,1.9,0
2026-03-11 06:45:31.277959,living_room,28.2,45.4,18.4,0
2026-03-11 06:55:31.277959,living_room,28.4,45.4,8.9,0
2026-03-11 07:05:31.277959,living_room,28.2,41.7,15.6,0
2026-03-11 07:15:31.277959,living_room,28.4,44.9,34.4,0
2026-03-11 07:25:31.277959,living_room,27.6,42.6,17.7,0
2026-03-11 07:35:31.277959,living_room,27.7,44.7,15.3,0
2026-03-11 07:45:31.277959,living_room,28.9,40.1,19.8,0
2026-03-11 07:55:31.277959,living_room,28.2,44.4,8.2,0
2026-03-11 08:05:31.277959,living_room,28.0,44.0,30.2,0
2026-03-11 08:15:31.277959,living_room,27.8,41.8,55.9,0
2026-03-11 08:25:31.277959,living_room,27.9,40.3,26.1,0
2026-03-11 08:35:31.277959,living_room,27.0,39.9,21.3,0
2026-03-11 08:45:31.277959,living_room,28.0,43.8,28.6,0
2026-03-11 08:55:31.277959,living_room,26.5,42.1,5.5,0
2026-03-11 09:05:31.277959,living_room,27.4,44.6,34.6,0
2026-03-11 09:15:31.277959,living_room,27.6,39.2,17.5,0
2026-03-11 09:25:31.277959,living_room,27.3,40.6,19.3,0
2026-03-11 09:35:31.277959,living_room,26.9,43.5,19.6,0
2026-03-11 09:45:31.277959,living_room,28.0,44.9,7.8,0
2026-03-11 09:55:31.277959,living_room,26.9,39.2,20.3,0
2026-03-11 10:05:31.277959,living_room,26.7,40.9,10.1,0
2026-03-11 10:15:31.277959,living_room,26.2,43.2,21.1,0
2026-03-11 10:25:31.277959,living_room,25.6,38.2,9.2,0
2026-03-11 10:35:31.277959,living_room,27.5,43.0,23.3,0
2026-03-11 10:45:31.277959,living_room,25.8,42.1,24.9,0
2026-03-11 10:55:31.277959,living_room,25.8,43.5,29.0,0
2026-03-11 11:05:31.277959,living_room,26.1,38.8,22.8,0
2026-03-11 11:15:31.277959,living_room,25.4,39.8,18.8,0
2026-03-11 11:25:31.277959,living_room,25.9,42.8,24.9,0
2026-03-11 11:35:31.277959,living_room,25.2,40.9,20.1,0
2026-03-11 11:45:31.277959,living_room,26.3,39.5,22.1,0
2026-03-11 11:55:31.277959,living_room,25.5,41.5,16.2,0
2026-03-11 12:05:31.277959,living_room,25.9,38.5,1.4,0
2026-03-11 12:15:31.277959,living_room,25.4,40.4,105.1,1
2026-03-11 12:25:31.277959,living_room,25.0,41.2,12.3,0
2026-03-11 12:35:31.277959,living_room,25.0,38.5,17.5,0
2026-03-11 12:45:31.277959,living_room,26.1,42.1,22.6,0
2026-03-11 12:55:31.277959,living_room,24.5,41.0,17.4,0
2026-03-11 13:05:31.277959,living_room,24.5,41.3,25.1,0
2026-03-11 13:15:31.277959,living_room,25.0,38.8,20.2,0
2026-03-11 13:25:31.277959,living_room,24.8,42.6,4.8,0
2026-03-11 13:35:31.277959,living_room,24.4,38.1,24.8,0
2026-03-11 13:45:31.277959,living_room,24.5,39.1,17.8,0
2026-03-11 13:55:31.277959,living_room,24.4,41.0,34.7,0
2026-03-11 14:05:31.277959,living_room,23.1,37.5,4.4,0
2026-03-11 14:15:31.277959,living_room,23.9,38.5,20.9,0
2026-03-11 14:25:31.277959,living_room,24.1,38.3,21.6,0
2026-03-11 14:35:31.277959,living_room,24.7,38.1,27.9,0
2026-03-11 14:45:31.277959,living_room,24.2,40.6,13.2,0
2026-03-11 14:55:31.277959,living_room,22.9,40.2,12.8,0
2026-03-11 15:05:31.277959,living_room,23.3,41.0,31.4,0
2026-03-11 15:15:31.277959,living_room,24.0,39.9,19.2,0
2026-03-11 15:25:31.277959,living_room,23.7,41.0,25.8,0
2026-03-11 15:35:31.277959,living_room,23.2,37.7,32.5,0
2026-03-11 15:45:31.277959,living_room,23.0,41.1,15.5,0
2026-03-11 15:55:31.277959,living_room,23.5,40.1,16.9,0
2026-03-11 16:05:31.277959,living_room,23.1,43.5,13.9,0
2026-03-11 16:15:31.277959,living_room,22.8,43.3,27.6,0
2026-03-11 16:25:31.277959,living_room,22.2,43.3,18.0,0
2026-03-11 16:35:31.277959,living_room,23.3,45.8,32.1,0
2026-03-11 16:45:31.277959,living_room,22.1,40.0,34.4,0
2026-03-11 16:55:31.277959,living_room,22.3,42.7,34.5,0
2026-03-11 17:05:31.277959,living_room,22.9,38.8,21.5,0
2026-03-11 17:15:31.277959,living_room,22.7,42.6,13.4,0
2026-03-11 17:25:31.277959,living_room,21.4,45.8,23.5,0
2026-03-11 17:35:31.277959,living_room,21.9,44.4,15.5,0
2026-03-11 17:45:31.277959,living_room,21.8,45.3,29.7,0
2026-03-11 17:55:31.277959,living_room,22.1,45.9,37.8,0
2026-03-11 18:05:31.277959,living_room,21.4,48.1,23.2,1
2026-03-11 18:15:31.277959,living_room,22.5,46.7,34.5,0
2026-03-11 18:25:31.277959,living_room,20.5,42.0,17.8,0
2026-03-11 18:35:31.277959,living_room,22.2,44.6,29.3,0
2026-03-11 18:45:31.277959,living_room,21.3,48.0,12.7,0
2026-03-11 18:55:31.277959,living_room,21.0,47.3,19.0,0
2026-03-11 19:05:31.277959,living_room,20.9,46.8,38.3,1
2026-03-11 19:15:31.277959,living_room,21.4,46.2,10.3,1
2026-03-11 19:25:31.277959,living_room,21.1,44.9,27.3,1
2026-03-11 19:35:31.277959,living_room,21.2,45.9,138.2,1
2026-03-11 19:45:31.277959,living_room,20.3,45.1,17.3,0
2026-03-11 19:55:31.277959,living_room,21.1,43.4,19.9,0
2026-03-11 20:05:31.277959,living_room,21.3,47.9,21.6,0
2026-03-11 20:15:31.277959,living_room,21.2,51.3,7.0,0
2026-03-11 20:25:31.277959,living_room,20.5,49.8,35.1,0
2026-03-11 20:35:31.277959,living_room,20.6,49.5,14.9,0
2026-03-11 20:45:31.277959,living_room,21.0,48.0,24.4,0
2026-03-11 20:55:31.277959,living_room,20.7,46.7,30.6,0
2026-03-11 21:05:31.277959,living_room,20.7,47.7,27.2,0
2026-03-11 21:15:31.277959,living_room,20.6,50.9,12.9,0
2026-03-11 21:25:31.277959,living_room,20.1,49.0,32.1,0
2026-03-11 21:35:31.277959,living_room,21.2,47.5,21.9,0
2026-03-11 21:45:31.277959,living_room,20.0,44.8,22.8,0
2026-03-11 21:55:31.277959,living_room,19.8,47.1,32.2,0
2026-03-11 22:05:31.277959,living_room,20.3,52.6,12.9,0
2026-03-11 22:15:31.277959,living_room,20.4,50.8,21.4,0
2026-03-11 22:25:31.277959,living_room,20.8,52.4,26.8,0
2026-03-11 22:35:31.277959,living_room,20.5,51.3,19.9,0
2026-03-11 22:45:31.277959,living_room,19.4,48.6,4.9,0
2026-03-11 22:55:31.277959,living_room,20.5,49.5,20.7,0
2026-03-11 23:05:31.277959,living_room,20.3,46.0,18.3,0
2026-03-11 23:15:31.277959,living_room,21.1,47.8,25.7,0
2026-03-11 23:25:31.277959,living_room,19.6,51.0,33.7,0
2026-03-11 23:35:31.277959,living_room,20.0,52.9,128.1,1
2026-03-11 23:45:31.277959,living_room,19.4,55.7,30.5,0
2026-03-11 23:55:31.277959,living_room,20.6,51.3,118.6,1
2026-03-12 00:05:31.277959,living_room,20.5,51.7,10.3,0
2026-03-12 00:15:31.277959,living_room,19.9,52.0,22.0,0
2026-03-12 00:25:31.277959,living_room,19.3,53.6,14.9,0
2026-03-12 00:35:31.277959,living_room,20.4,54.3,28.4,0
2026-03-12 00:45:31.277959,living_room,20.2,56.9,16.2,0
2026-03-12 00:55:31.277959,living_room,19.7,56.3,18.3,0
2026-03-12 01:05:31.277959,living_room,19.8,56.9,17.0,0
2026-03-12 01:15:31.277959,living_room,19.6,55.0,19.6,0
2026-03-12 01:25:31.277959,living_room,19.8,57.8,39.9,0
2026-03-12 01:35:31.277959,living_room,20.1,60.2,12.3,0
2026-03-12 01:45:31.277959,living_room,20.0,53.9,18.9,0
2026-03-12 01:55:31.277959,living_room,19.4,56.3,37.2,0
2026-03-12 02:05:31.277959,living_room,19.4,55.7,12.3,0
2026-03-12 02:15:31.277959,living_room,19.5,54.6,6.8,0
2026-03-12 02:25:31.277959,living_room,19.5,56.2,36.5,0
2026-03-12 02:35:31.277959,living_room,19.9,59.2,18.5,0
2026-03-12 02:45:31.277959,living_room,19.9,60.1,21.7,0
2026-03-12 02:55:31.277959,living_room,20.1,58.4,5.2,0
2026-03-12 03:05:31.277959,living_room,20.9,60.3,9.4,0
2026-03-12 03:15:31.277959,living_room,19.9,62.9,28.9,0
2026-03-12 03:25:31.277959,living_room,20.5,59.6,2.0,0
2026-03-12 03:35:31.277959,living_room,20.4,62.3,25.7,0
2026-03-12 03:45:31.277959,living_room,19.5,63.7,15.8,0
2026-03-12 03:55:31.277959,living_room,20.9,57.0,11.0,0
2026-03-12 04:05:31.277959,living_room,20.2,64.8,22.2,0
2026-03-12 04:15:31.277959,living_room,21.6,64.2,5.7,0
2026-03-12 04:25:31.277959,living_room,20.2,61.6,13.7,0
2026-03-12 04:35:31.277959,living_room,20.6,62.8,14.2,0
2026-03-12 04:45:31.277959,living_room,20.6,64.9,136.4,1
2026-03-12 04:55:31.277959,living_room,20.3,63.4,12.6,0
2026-03-12 05:05:31.277959,living_room,20.7,62.1,1.7,0
2026-03-12 05:15:31.277959,living_room,20.4,62.4,31.8,0
2026-03-12 05:25:31.277959,living_room,21.9,64.8,21.9,0
2026-03-12 05:35:31.277959,living_room,20.9,65.8,15.0,0
2026-03-12 05:45:31.277959,living_room,21.1,66.6,30.4,0
2026-03-12 05:55:31.277959,living_room,21.7,64.8,23.7,0
2026-03-12 06:05:31.277959,living_room,20.6,62.5,12.7,0
2026-03-12 06:15:31.277959,living_room,22.0,65.9,28.3,0
2026-03-12 06:25:31.277959,living_room,21.3,68.2,25.5,0
2026-03-12 06:35:31.277959,living_room,21.5,67.6,27.3,0
2026-03-12 06:45:31.277959,living_room,21.2,62.9,12.6,0
2026-03-12 06:55:31.277959,living_room,22.3,67.2,137.8,1
2026-03-12 07:05:31.277959,living_room,22.3,65.0,25.8,0
2026-03-12 07:15:31.277959,living_room,21.9,65.7,15.9,0
2026-03-12 07:25:31.277959,living_room,22.2,68.7,16.2,0
2026-03-12 07:35:31.277959,living_room,22.2,67.9,14.7,0
2026-03-12 07:45:31.277959,living_room,21.1,68.4,23.9,0
2026-03-12 07:55:31.277959,living_room,22.1,65.6,11.2,0
2026-03-12 08:05:31.277959,living_room,22.4,66.6,26.9,0
2026-03-12 08:15:31.277959,living_room,23.0,70.3,28.8,0
2026-03-12 08:25:31.277959,living_room,22.9,68.3,22.5,0
2026-03-12 08:35:31.277959,living_room,22.1,67.1,93.1,1
2026-03-12 08:45:31.277959,living_room,22.6,66.7,3.6,0
2026-03-12 08:55:31.277959,living_room,23.7,69.9,29.6,0
2026-03-12 09:05:31.277959,living_room,23.1,69.9,23.9,0
2026-03-12 09:15:31.277959,living_room,22.9,71.8,25.0,0
2026-03-12 09:25:31.277959,living_room,22.8,70.3,19.3,0
2026-03-12 09:35:31.277959,living_room,23.5,67.8,9.3,0
2026-03-12 09:45:31.277959,living_room,23.3,71.5,5.2,0
2026-03-12 09:55:31.277959,living_room,23.1,69.9,19.4,0
2026-03-12 10:05:31.277959,living_room,22.5,72.4,20.3,0
2026-03-12 10:15:31.277959,living_room,24.4,70.4,17.0,0
2026-03-12 10:25:31.277959,living_room,22.7,69.9,14.3,0
2026-03-12 10:35:31.277959,living_room,25.8,67.8,14.3,0
2026-03-12 10:45:31.277959,living_room,24.8,67.1,28.5,0
2026-03-12 10:55:31.277959,living_room,24.3,67.5,20.5,0
2026-03-12 11:05:31.277959,living_room,24.3,73.9,17.9,0
2026-03-12 11:15:31.277959,living_room,23.0,70.5,29.1,0
2026-03-12 11:25:31.277959,living_room,24.5,71.4,114.9,1
2026-03-12 11:35:31.277959,living_room,25.3,70.0,22.5,0
2026-03-12 11:45:31.277959,living_room,24.4,69.5,25.5,0
2026-03-12 11:55:31.277959,living_room,24.4,69.7,10.7,0
2026-03-12 12:05:31.277959,living_room,24.8,68.4,4.6,0
2026-03-12 12:15:31.277959,living_room,24.6,69.1,7.0,0
2026-03-12 12:25:31.277959,living_room,25.1,70.6,7.6,0
2026-03-12 12:35:31.277959,living_room,25.0,70.3,7.0,0
